Symbol ,Series ,LTP ,%chng ,Mkt Cap (₹ Crores),Volume (Lakhs),Value (₹ Crores)
DHOOTTRANS,EQ,1194.65,-0.45,24436.33,262.95,3096.06
EMBASSY,RR,440.75,-2.62,41778.42,596.41,2596.82
BSE,EQ,3317,-3.77,135295.15,50.42,1669.4
MOLBIO,EQ,1005.5,2.6,11587.38,122.04,1199.3
LENSKART,EQ,608.85,-0.49,105862,188.14,1141.29
IPCALAB,EQ,1854.5,6.94,47049.45,51.87,970.59
PWL,EQ,124.43,6.24,36095.73,746.99,931.05
HINDCOPPER,EQ,565.7,6.93,54704.55,164.66,914.82
MANORAMA,EQ,1910.5,9.98,12059.53,43.48,813.39
BHARTIARTL,EQ,1985.7,-0.32,1239084.89,34.84,692.39
HAL,EQ,5086,1.12,340138.97,11.49,586.55
AZAD,EQ,2902.7,6.8,18746.14,19.5,564.66
NETWEB,EQ,5201,3.87,29614.85,10.66,549.75
RELIANCE,EQ,1302.3,-0.59,1762342.52,40.99,534.26
RUBICON,EQ,1768.5,9.23,29274.32,26.04,445.62
CUPID,EQ,290.6,-1.12,39075.84,144.25,415.78
PURVA,EQ,235.69,8.01,5589.38,167.1,401.25
KALYANKJIL,EQ,613.85,0.92,63394.76,62.64,384.84
AXISBANK,EQ,1219.2,0.15,379510.41,30.49,371.49
PTCIL,EQ,20100,5.51,30135.02,1.84,367.53
HDFCBANK,EQ,725.25,-0.24,1117566.13,50.48,366.32
ETERNAL,EQ,319.6,0.35,308425.21,111.35,355.01
VOLTAS,EQ,1270.7,-3.77,42045.52,26.98,348.63
M&M,EQ,3408.1,-0.59,423807.06,10.13,345.75
INFY,EQ,1143.6,-2.19,464079.35,29.07,333.03
VIKRAMSOLR,EQ,175.45,9.55,6357.51,187.16,324.19
MARKSANS,EQ,328.8,-1.26,14900.02,95.38,320.9
ICICIBANK,EQ,1416.1,-0.06,1016215.78,22.65,320.09
RATNAVEER,EQ,239.3,3.97,1709.24,132.65,316.05
BDL,EQ,1387.7,-0.74,50867.88,22.4,313.24
ONGC,EQ,237.44,0.44,298706.15,125.85,298.98
AMBER,EQ,7288,0.91,25703.15,4.05,296.42
BHEL,EQ,426.4,1.11,148475.18,67.57,289.49
TDPOWERSYS,EQ,1564.1,5.35,24435.69,18.45,282.88
LEAPIND,EQ,157.04,8.36,6918.18,179.57,277.61
LGEINDIA,EQ,1676.2,-3.09,113775.83,15.83,269.93
TCS,EQ,2327,-1.44,841928.97,11.31,263.19
EXPLEOSOL,EQ,918.95,12.62,1426.19,27.29,251.84
MOTILALOFS,EQ,944.55,4.52,56875.77,26.94,250.33
IDEA,EQ,13.86,-1.77,150163.45,1764.69,245.82
NATIONALUM,EQ,388.95,3.44,71435.79,62.71,241.26
MOREPENLAB,EQ,88.12,4.67,4828.57,260.47,225.51
SILVERBEES,EQ,224.33,1.41,32128.85,100.68,225.45
SBIN,EQ,1056.1,-1.09,974845.52,21.35,225.38
ATHERENERG,EQ,1504.5,-0.46,59351.5,14.77,222.65
ASHOKLEY,EQ,174.35,1.58,102410.65,126.49,220.79
BELRISE,EQ,238.01,-6.79,23019.18,90.28,216.84
ADANIENSOL,EQ,1593.5,-1.39,194877.79,13.28,213.96
UFLEX,EQ,586.05,19.99,4231.95,37,212.21
TFCILTD,EQ,126.13,7.4,5839.53,171.04,211.29
LAURUSLABS,EQ,1793.2,0.33,96877.56,11.65,209.64
SOLARINDS,EQ,20024,0.28,181197.29,1.01,204.25
FINCABLES,EQ,1315.55,5.51,20119.94,15.61,202.83
SCHNEIDER,EQ,1215.5,-11.23,29063.1,16.64,202.3
COCHINSHIP,EQ,1471.4,-1.68,38709.71,13.6,200.26
BALUFORGE,EQ,517.2,4.75,6278.39,37.79,197.25
EICHERMOT,EQ,8080,0.17,221813.54,2.43,196.74
ZAGGLE,EQ,160.48,-20,2157.79,116.06,189.76
KWIL,EQ,39.11,8.67,9189.25,496.72,187.21
MCX,EQ,2955,1.49,75350.09,6.36,186.44
JIOFIN,EQ,247.85,-0.48,163658.87,73.46,181.2
BEL,EQ,411.55,0.18,300833.95,43.82,180.6
ZEEL,EQ,101.47,-0.79,9746.39,174.65,180.08
ITC,EQ,273.45,-1.71,342688.17,63.14,173.56
HINDZINC,EQ,572,1.8,241688.25,29.57,168.93
MOTISONS,EQ,16.62,-0.78,1890.54,995.4,167.43
TMPV,EQ,332.7,-0.54,122538.05,50.07,165.76
KAYNES,EQ,3691,0.84,24742.49,4.42,163.15
CPPLUS,EQ,3343.1,-5,39549.02,4.71,158.34
LT,EQ,4056,-0.02,558051.28,3.91,157.98
PATANJALI,EQ,352.45,0.13,38350.39,44.1,156
OBEROIRLTY,EQ,1940,5.09,70538.83,8.16,155.14
SUZLON,EQ,48.42,2.8,66556.13,324.87,155.03
NMDC,EQ,81.62,-3.29,71758.81,187.4,153.37
BHARATFORG,EQ,2083.5,0.9,99595.19,7.25,150.91
DRREDDY,EQ,1191.8,-0.68,99474.15,12.64,150.47
GOLDBEES,EQ,126.49,1.09,57738.08,118.71,150.07
CUMMINSIND,EQ,5440,0.74,150796.8,2.76,149.87
GROWW,EQ,197.9,0.88,124154.48,75.81,149.84
TVSMOTOR,EQ,4377.6,1.64,207974.14,3.35,146.45
APARINDS,EQ,16524,-1,69189.85,0.87,145.68
ADANIPORTS,EQ,1679.9,-1.18,387042.09,8.54,144.15
APOLLOHOSP,EQ,8895.5,-0.28,127903.64,1.61,143.27
VISL,EQ,38.6,4.69,15094.1,368.59,140.32
GALAXYSURF,EQ,2470.9,-1.49,8760.51,5.55,138.67
KMEW,EQ,2817,3.16,6929.82,4.82,137.85
SHRIRAMFIN,EQ,1125.5,0.31,264824.35,12.02,135.02
ADANIENT,EQ,3008,-0.89,407111.62,4.44,134.3
POLYCAB,EQ,9365,1.35,141085.58,1.42,132.7
AVALON,EQ,2046.8,5.46,13675.03,6.5,131.71
KERNEX,EQ,1859.5,-8.14,3124.63,6.81,130.94
DIXON,EQ,14132,0.01,86406.06,0.92,129.92
NEULANDLAB,EQ,23780,1.97,30509.48,0.54,128.19
PAYTM,EQ,1605.3,0.14,102921.1,7.94,127.6
ZYDUSLIFE,EQ,1147.5,1.08,114463.56,11.14,127.23
SONACOMS,EQ,810.85,2.38,50560.78,15.72,126.89
HINDALCO,EQ,1040.8,1.1,233891.34,12.1,125.68
TRENT,EQ,2963.9,-0.47,158044.72,4.21,124.72
THERMAX,EQ,4155,2.72,49509.44,2.95,123.43
SUNPHARMA,EQ,1906.6,-1.21,457446.43,6.41,122.57
PFC,EQ,373.75,-0.6,123341.3,32.47,121.51
UNIONBANK,EQ,187.35,-0.02,143015.6,65.15,120.89
ADANIPOWER,EQ,202.4,-1.39,390322.22,59.06,120.2
PAGEIND,EQ,37530,2.12,41860.49,0.32,120.05
WELSPUNLIV,EQ,168.67,2.81,15935.14,70.49,118.45
KEI,EQ,5857.3,2.76,55996.14,2.03,118.39
DATAPATTNS,EQ,4508.2,1.18,25238.69,2.61,117.92
HFCL,EQ,222.82,-0.13,34104.88,52.55,117.2
BAJFINANCE,EQ,1094.4,0.68,681331.23,10.67,115.87
BAJAJ-AUTO,EQ,11753,0.45,322976.95,0.98,115.56
AUROPHARMA,EQ,1623,0.06,93383.83,7.03,115.36
TMCV,EQ,468.2,-1.29,172424.03,24.27,114.39
SHANTIGOLD,EQ,264.18,6.67,1904.63,43.17,112.9
TATASTEEL,EQ,183.98,0.26,229671.93,61.6,112.73
BAJAJHLDNG,EQ,11565,0.78,128710.94,0.98,112.08
NTPC,EQ,336.3,-1.09,326098.88,32.87,110.97
KRN,EQ,1541.7,5,10091.73,7.26,110.62
CHENNPETRO,EQ,1353.4,2.38,20153.67,8.18,109.94
OLAELEC,EQ,39.48,1.94,18272.96,279.54,109.66
HEROMOTOCO,EQ,5779.5,-0.18,115671.61,1.89,109.01
POWERGRID,EQ,266.85,0.3,248186.61,40.4,107.67
CEMPRO,EQ,1354.8,4.31,23273.78,7.9,107.18
IFCI,EQ,78.4,1.9,21123.42,137.83,106.93
RECLTD,EQ,336.2,0.36,88528.99,31.77,106.62
CORDELIA,EQ,827.9,-1.19,5993.54,12.87,106.4
PERSISTENT,EQ,5595,0.27,88261.13,1.91,106.17
MAXHEALTH,EQ,999,-0.95,97230.02,10.51,106
INDOMIM,EQ,859.35,1.18,42493.22,12.39,105.89
COFORGE,EQ,1811,-0.06,80163.69,5.84,105.69
MAZDOCK,EQ,2571,-0.35,103709,4.05,104.9
POWERINDIA,EQ,35450,-0.7,158009.03,0.29,104.28
UNOMINDA,EQ,1264,1.94,72991.7,8.1,101.47
LASERPOWER,EQ,306.25,1.11,4298.78,32.54,100.68
LICI,EQ,414.55,0.25,524405.56,24.29,100.28
DIVISLAB,EQ,8484,0.08,225223.54,1.17,99.86
VAML,EQ,447.45,0.82,174970.31,22.24,99.2
HDFCLIFE,EQ,543.15,1.36,117997.98,18.27,98.91
VOGL,EQ,37.99,2.29,14855.56,261.85,98.33
TITAN,EQ,5107.1,1.01,453401.27,1.93,97.94
MUTHOOTFIN,EQ,2875.7,1.19,115450.29,3.34,95.77
BIOCON,EQ,410.6,-1.53,66915.24,23.13,95.18
SYRMA,EQ,1462.8,-0.16,28207.24,6.31,93.61
SHADOWFAX,EQ,261.5,4.05,15306.11,36.17,93.61
MUNJALAU,EQ,121.11,0.48,1211.1,74.5,93.39
POLICYBZR,EQ,1741.8,0.05,80592.19,5.33,93.25
ULTRACEMCO,EQ,11660,0.35,343595.91,0.8,93.11
SMLMAH,EQ,5555,8.19,8039,1.72,92.99
HINDPETRO,EQ,370.5,-0.8,78835.82,25,92.53
SUPREMEIND,EQ,3603.9,1.26,45779.21,2.54,92.01
MARUTI,EQ,13901,0.48,437051.02,0.66,91.27
CGPOWER,EQ,888.4,-0.2,139962.98,10.16,90.81
TVSSRICHAK,EQ,4779,6.72,3659.3,1.94,90.74
CAMLINFINE,EQ,115.9,11.7,2226.4,77.45,88.61
AMBUJACEM,EQ,411.45,-1.45,102237.8,21.3,87.58
NELCO,EQ,1094.5,6.82,2497.47,8,87.22
BOSCHLTD,EQ,47040,-0.13,138749.65,0.18,86.97
NAUKRI,EQ,1363,1.49,88379.73,6.37,86.58
SAMMAANCAP,EQ,154.89,1.64,17991.14,56.25,86.44
KOTAKBANK,EQ,392.85,0.43,390782.46,21.96,86.09
MANIPALHOS,EQ,719.4,1.76,94628.24,12.09,86.09
SAIL,EQ,169.65,0.08,70074.36,50.57,85.62
HAPPSTMNDS,EQ,429.6,2.24,6541.73,20.38,85.25
GVT&D,EQ,4322.4,-0.63,110673.55,1.94,84.21
INDIGO,EQ,5315,0.09,205513.3,1.56,82.81
NIFTYBEES,EQ,277.27,-0.39,66911.94,29.52,81.8
LIQUIDCASE,EQ,115.51,0.02,10325.67,70.5,81.43
TECHM,EQ,1613.3,-1.19,158117.08,5.02,80.96
SHREEJISPG,EQ,588.3,-9.96,9584.48,13.34,80.9
MIDHANI,EQ,433.3,3.98,8117.44,18.8,80.83
NESTLEIND,EQ,1485.2,-0.93,286393.24,5.42,80.45
GRASIM,EQ,3250,0.04,221174.76,2.46,79.7
DLF,EQ,671.65,1,166254.53,11.91,79.12
OFSS,EQ,11897,0.58,103593.73,0.66,78.65
HONASA,EQ,488.75,-2.79,15934.43,15.76,78.18
APOLLO,EQ,389,-1.16,14455.22,19.73,77.53
JSWSTEEL,EQ,1266.5,-0.28,309716.74,6.01,75.79
LIQUIDBEES,EQ,1000,0,11455.17,7.51,75.13
PNB,EQ,116.3,-1.44,133662.93,64.48,74.85
HSCL,EQ,784.6,0.45,39587.82,9.5,74.36
TECHNOCRAF,EQ,304.9,-2.01,1207.59,23.87,72.74
OIL,EQ,475.45,1.48,77337.07,14.91,70.87
HDFCAMC,EQ,2532.6,1.92,108594.54,2.81,70.6
VEDL,EQ,269.55,0.77,105404.51,26.21,70.49
GODREJPROP,EQ,2007.8,0.89,60480.15,3.53,70.08
EXIDEIND,EQ,474.45,-0.35,40328.25,14.78,70.05
ATLANTAELE,EQ,1762.5,4.86,13553.03,3.84,67.4
GNFC,EQ,581.75,2.25,8548.27,11.27,66.31
SBIFUNDS,EQ,552.25,-1.23,112483.8,11.97,66.29
KINGFA,EQ,6021,2.57,8159.29,1.09,65.27
LICHSGFIN,EQ,497,-0.6,27338.13,13.11,65.26
PINELABS,EQ,165.79,0.56,19129.81,39.64,65.11
BLUESTONE,EQ,849.25,0.47,12972.24,7.58,64.38
LTM,EQ,4670,-0.95,138522.16,1.38,64.19
PIDILITIND,EQ,1684.8,-0.48,171477.32,3.77,63.54
PARAS,EQ,1362.6,-1.08,10980.83,4.65,63.37
360ONE,EQ,1154.8,-2.14,46987.56,5.45,62.95
CDSL,EQ,1347,0.19,28152.3,4.7,62.7
KFINTECH,EQ,958.5,1.97,16567.32,6.58,62.13
FLUOROCHEM,EQ,4667,-1.49,51267,1.31,61.94
CHOLAFIN,EQ,1888.3,-0.32,161007.43,3.29,61.9
HCLTECH,EQ,1334.1,-1.9,362030.06,4.54,60.7
BANKBARODA,EQ,243.87,-1.75,126114.01,24.77,60.59
CANBK,EQ,129.59,-1.26,117546.57,46.46,60.21
COALINDIA,EQ,406.45,-0.16,250484.09,14.77,60.16
HAVELLS,EQ,1312.5,1.12,82367.47,4.6,59.82
HINDUNILVR,EQ,2062.9,-0.68,484697.18,2.86,58.95
TARSONS,EQ,353.7,-1.83,1881.91,16.52,58.71
TENNIND,EQ,547.9,1.79,22113.48,10.72,58.69
ICICIPRULI,EQ,506.6,-0.5,73498.13,11.55,58.54
DMART,EQ,4016.6,-1.07,261981.12,1.45,58.34
JUBLFOOD,EQ,509.9,1.15,33645.51,11.45,57.98
PHOENIXLTD,EQ,1895.6,0.3,67797.63,3.02,56.87
PRESTIGE,EQ,1581.3,-0.7,68111.37,3.6,56.69
NAM-INDIA,EQ,1192.7,2.12,76248.82,4.79,56.42
FORTIS,EQ,913.35,-1.68,68954.1,6.15,56.17
TORNTPHARM,EQ,4859,0.54,184816.08,1.15,56.08
MEESHO,EQ,193.77,1.37,89590.91,28.99,56.04
ASTERDM,EQ,825.3,0.36,71939.13,6.73,55.86
NSLNISP,EQ,41.25,-7.3,12088.75,134.34,55.58
NATCOPHARM,EQ,888.4,-1.63,15912.12,6.21,55.04
BLUESTARCO,EQ,1511.6,0.24,31080.73,3.66,54.79
SUDARSCHEM,EQ,1110,-0.72,8836.44,4.91,54.53
APLAPOLLO,EQ,2091,0.37,58058.37,2.59,54.2
CAMS,EQ,766.85,0.6,19040.7,7.09,53.95
BPCL,EQ,316.6,-0.89,137354.79,17.05,53.93
AEGISLOG,EQ,1292.3,2.13,45359.73,4.19,53.88
MPHASIS,EQ,2503.4,-1.63,47784.08,2.15,53.79
CONCORDBIO,EQ,1501.3,3.45,15706.03,3.57,53.72
ELGIEQUIP,EQ,621.4,1.95,19692.73,8.6,53.11
ANGELONE,EQ,291.3,1.39,26615.72,18.54,52.99
CIPLA,EQ,1429,-1.45,115442.22,3.7,52.93
NUVAMA,EQ,1711.8,2.5,31431.31,3.11,52.91
YESBANK,EQ,22.76,0.4,71438.18,233.31,52.82
INDSWFTLAB,EQ,310.5,2.08,2700.16,17,52.6
JYOTICNC,EQ,854.9,3.39,19442.4,6.18,52.36
ADANIGREEN,EQ,1323.9,-1.79,217304.13,3.92,52.3
REDINGTON,EQ,335.5,0.43,26228.53,15.39,52.24
RRKABEL,EQ,2746.8,-1.39,31067.82,1.88,51.94
GLAND,EQ,2920,-1.69,48170.27,1.75,51.66
SWIGGY,EQ,274.9,-0.51,75881.02,18.74,51.51
BEML,EQ,1911.3,1.97,15919.03,2.7,51.49
KPIGREEN,EQ,305.7,-4.17,6042.83,16.66,51.25
FEDERALBNK,EQ,352.6,0.37,87115.99,14.55,51.22
GLENMARK,EQ,2311,-0.32,65216.61,2.21,51.17
ENDURANCE,EQ,3032.1,4.59,42650.38,1.69,50.79
ZENTEC,EQ,1862.9,0.31,16820.19,2.7,50.71
LODHA,EQ,1245.2,0.1,124411.56,4.11,50.71
CENTUM,EQ,3393.5,-4.1,5008.47,1.47,50.24
MRPL,EQ,171.41,0.51,30041.3,29.17,50.09
GESHIP,EQ,1261.3,-1.81,18007.22,3.93,50.04
INOXWIND,EQ,75.11,1.95,12980.79,66.72,49.88
QPOWER,EQ,1305,4.46,10106.46,3.81,49.7
MANKIND,EQ,2390.4,-1.43,98722.56,2.07,49.7
COHANCE,EQ,442.2,0.35,16918.45,11.01,49.67
ALKEM,EQ,5450,1.53,65162.93,0.91,49.39
MOTHERSON,EQ,168.96,0.39,178320.62,29.21,49.27
LTF,EQ,312.1,1.89,78213.69,15.84,48.87
TIINDIA,EQ,2703,-1.12,52322.6,1.8,48.83
MANAPPURAM,EQ,348.8,0.23,32764.04,14.07,48.69
BALRAMCHIN,EQ,651.45,4.26,13776.03,7.54,48.69
NAVINFLUOR,EQ,8168.5,-0.81,41891.56,0.59,48.14
NYKAA,EQ,327.75,-0.98,93871.33,14.6,47.82
WIPRO,EQ,182.05,-1.06,180309.52,26.25,47.73
SANSERA,EQ,3976.2,1.31,24812.91,1.2,47.33
LUPIN,EQ,2228.5,-0.29,101894.8,2.12,47.29
SETL,EQ,310,3.89,6184.24,15.19,47.29
ENRIN,EQ,3537.4,0.03,125974.07,1.33,47.22
GRSE,EQ,2599.1,-0.74,29773.21,1.8,47
IOC,EQ,138.4,-0.72,195437.94,33.74,46.79
PANAMAPET,EQ,492.95,2.78,2982.03,9.33,46.38
RADICO,EQ,4647.5,-0.05,62268.32,0.99,45.9
MFSL,EQ,1563.5,1.65,53958.69,2.96,45.84
HEG,EQ,704.75,0.53,13600.09,6.52,45.77
FORCEMOT,EQ,18565,1.11,24195.6,0.25,45.57
GMRAIRPORT,EQ,101.84,0.33,107532.61,44.51,45.32
BAJAJCON,EQ,479.65,-4.18,6265.11,9.24,45.2
TRIVENI,EQ,280.3,5.21,6085.88,15.72,44.2
INDUSINDBK,EQ,1006.5,-1.4,78419.71,4.38,44.11
E2E,BE,685,2.74,14081.19,6.37,44.09
TATSILV,EQ,22.77,1.43,5502.94,191.46,43.52
VIYASH,EQ,251.3,-1.7,10978.68,17.06,42.42
PCJEWELLER,EQ,9.69,0.52,9409.51,432.94,41.73
DALMIASUG,EQ,456.3,8.03,3693.26,9.34,41.59
AUBANK,EQ,1075.8,-0.56,80677.56,3.83,41.34
INDIANB,EQ,872.5,-2.51,117522.61,4.72,41.33
GOLDIETF,EQ,131.11,1.17,28080.08,31.53,41.31
ARDEE,EQ,61.35,3.72,1933.76,68.04,41.29
VADILALIND,EQ,7363,-4.98,5292.4,0.57,41.22
ABB,EQ,7673,0.31,162597.3,0.53,41
VMM,EQ,105.37,0.16,49363.83,38.54,40.74
BRITANNIA,EQ,5531.5,-0.48,133236.3,0.74,40.74
J&KBANK,EQ,148.25,-4.65,16325.03,26.38,39.56
POONAWALLA,EQ,500.35,0.49,44056.43,7.88,39.45
IRFC,EQ,86.59,-1.12,113160.19,45.53,39.44
SKFINDIA,EQ,1586.8,0.86,7844.82,2.5,39.2
SHYAMMETL,EQ,985,-1.46,27494.49,3.91,38.63
DELHIVERY,EQ,455.95,-0.82,34158.27,8.46,38.59
UJJIVANSFB,EQ,71.78,-0.95,13986.62,53.56,38.59
SJS,EQ,2539.7,0.28,8133.81,1.51,38.4
RKFORGE,EQ,744.6,1.64,13564.38,5.16,38.37
GOLDIAM,EQ,377.3,3.19,5680.52,10.26,38.34
RISHABH,EQ,681.3,5.03,2634.04,5.86,38.17
VBL,EQ,438.25,0.75,148236.52,8.74,38.06
BATAINDIA,EQ,757.35,0.22,9734.03,5.06,38.03
WAAREEENER,EQ,2681,-0.04,77119.32,1.42,38.03
ABCAPITAL,EQ,397.75,-0.81,108842.89,9.49,37.65
TIMETECHNO,EQ,191.8,-0.76,9467.93,19.51,37.51
KPITTECH,EQ,610.4,-0.59,16733.74,6.17,37.45
DCAL,EQ,171.83,-9.88,2694,21.39,37.19
RBA,EQ,99.55,0.47,7085.16,36.88,36.94
WOCKPHARMA,EQ,1906.2,-1.37,30973,1.92,36.46
ASIANPAINT,EQ,2701.9,0.21,259165.65,1.33,35.97
TATAPOWER,EQ,379.5,-0.67,121263.14,9.44,35.85
HAPPYFORGE,EQ,2177,4.18,20546.25,1.65,35.78
JYOTHYLAB,EQ,202.26,1.45,7427.28,17.88,35.67
SIEMENS,EQ,3928,-0.3,139884.13,0.9,35.43
NBCC,EQ,89.5,0.56,24165,38.66,34.52
AEROFLEX,EQ,457.25,-0.57,6050.82,7.46,34.44
WABAG,EQ,1881,-1.24,11740.72,1.81,34.29
TATATECH,EQ,850.55,-2,34536.74,4.03,34.29
SHILPAMED,EQ,813.15,-1.08,15903.74,4.2,34.26
BAJAJFINSV,EQ,2021.5,0.66,323856.7,1.7,34.15
ANANTRAJ,EQ,628.75,-0.19,22627.26,5.38,33.77
BANKINDIA,EQ,141.89,-1.53,64597.8,23.42,33.23
AMAGI,EQ,585.95,-3.74,12676.38,5.66,33.12
MSTCLTD,EQ,635.5,1.94,4473.92,5.14,33.11
GKSL,EQ,147.6,8.19,1163.73,22.56,33.01
TATAGOLD,EQ,14.86,1.09,6167.31,222.03,32.95
IDFCFIRSTB,EQ,84.99,-0.82,73271.75,38.66,32.78
BLS,EQ,273.75,-1.57,11271.41,11.81,32.73
UNIVCABLES,EQ,1695.3,3.1,5881.91,1.95,32.7
BECTORFOOD,EQ,247.43,2.94,7595.87,13.2,32.21
EPL,EQ,247.01,0.99,7913.49,12.96,32.03
EMMVEE,EQ,321.15,-0.11,22234.66,9.9,31.92
SKYGOLD,EQ,779.25,0.76,12068.55,4.08,31.67
SILVERIETF,EQ,234.18,1.41,14985.87,13.48,31.52
JSWENERGY,EQ,551.3,-1.55,101079.9,5.69,31.4
ROLEXRINGS,EQ,179.67,1.91,3096.31,17.5,31.4
FRACTAL,EQ,802,-3.88,13791.6,3.85,31.35
MINDACORP,EQ,726.35,0.87,17365.53,4.3,31.22
GODREJCP,EQ,930.1,-0.45,95177.59,3.34,30.99
TATAELXSI,EQ,3757.6,-0.4,23395.58,0.83,30.86
GAIL,EQ,172.08,-1.61,113144.31,17.59,30.36
STLTECH,BE,651,0.5,33455.62,4.65,30.31
THELEELA,EQ,502.4,-1.5,16778.04,5.99,30.27
MAHABANK,EQ,80.11,-0.01,61616.94,37.69,30.21
INDUSTOWER,EQ,379.45,-1.27,100105.09,7.92,30.2
TI,EQ,573.8,0.89,14200.05,5.25,30.11
TEJASNET,EQ,525,-2.51,9343.63,5.71,29.93
MAXESTATES,EQ,476.3,7.77,7788.14,6.36,29.9
ASTRAL,EQ,1541.3,-0.96,41407.05,1.93,29.87
APEX,EQ,417.3,-2.12,1304.06,7.07,29.72
AVADHSUGAR,EQ,714.85,9.45,1431.02,4.23,29.59
ANTHEM,EQ,888.8,-0.15,50075.7,3.3,29.55
AARTIPHARM,EQ,865.4,1.67,7847.43,3.35,29.15
UPL,EQ,565.9,0.52,47771.54,5.14,29.02
KPL,EQ,3567.9,3.82,3702.12,0.8,28.98
CRAFTSMAN,EQ,10441.5,1.86,27309.15,0.28,28.97
DABUR,EQ,405.4,0.04,71916.03,7.15,28.94
SAILIFE,EQ,1422.9,-1.86,30207.44,2.02,28.94
IGIL,EQ,355.05,2.65,15343.83,8.23,28.94
DEVYANI,EQ,144.09,0.23,17765.43,20.06,28.8
GVPIL,EQ,731.15,-5,4915.34,3.93,28.79
URBANCO,EQ,143.66,-0.51,22154.97,20,28.74
PGEL,EQ,602.25,0.21,17250.7,4.79,28.72
RAIN,EQ,208.81,0.06,7023.23,13.85,28.64
UTLSOLAR,EQ,446,5.23,13687.82,6.41,28.59
GPPL,EQ,159.2,0.33,7696.36,17.8,28.57
KARURVYSYA,EQ,333.75,0.6,32258.98,8.64,28.49
ICICIAMC,EQ,3117.6,0.64,154090.04,0.91,28.33
ARVIND,EQ,550.65,-3.71,14979.92,5.18,28.32
MTARTECH,BE,7140,1.19,21962.35,0.4,28.26
PPLPHARMA,EQ,205.87,-0.37,27408.46,13.64,28.22
RVNL,EQ,227.12,-0.1,47354.98,12.42,28.08
HDFCSILVER,EQ,224.4,1.45,7691.56,12.49,27.97
KIRLOSENG,EQ,2075,-1.2,30195.37,1.3,27.33
GENUSPOWER,EQ,305.15,-1.28,9283.96,8.96,27.33
RPOWER,EQ,22.41,-2.48,9268.26,120.53,27.18
UNIMECH,EQ,1506,-1.09,7659.05,1.79,27.05
PREMEXPLN,EQ,668.4,2.53,3593.4,4.02,26.87
WEBELSOLAR,EQ,81.42,-4.32,3534.96,32.86,26.82
OLECTRA,EQ,1324,0.54,10867.49,2.02,26.61
NEOGEN,EQ,2279.3,3.37,6241.1,1.18,26.57
HYUNDAI,EQ,2184.7,-0.65,177515.85,1.21,26.36
KIRLFER,EQ,429.45,-0.66,7082.56,6.1,26.29
ABLBL,EQ,89.79,1.15,10959.06,29.78,26.24
RAYMOND,EQ,638.5,0.48,4250.73,4.09,26.15
MANINDS,EQ,617.9,3.08,4634.84,4.27,26.11
PRICOLLTD,EQ,793.4,0.17,9670.08,3.27,26.05
MARICO,EQ,861.25,-0.46,111823.65,2.99,25.74
MVELECTRO,EQ,576.6,-2.05,1573.12,4.41,25.69
HBLENGINE,EQ,669,-1.4,18544.34,3.8,25.56
AARTIIND,EQ,528.7,-1.01,19177.35,4.81,25.42
SUVEN,EQ,353.55,3.27,9333.46,7.19,25.34
M&MFIN,EQ,389,-0.28,54069.88,6.49,25.33
PICCADIL,EQ,685.55,6.8,6757.61,3.76,25.21
DEEPAKNTR,EQ,1758.6,2.05,23986.08,1.44,25.15
ICICIGI,EQ,1624.6,-0.33,81153.2,1.54,25.14
EMIL,EQ,188.51,-0.49,7252.9,13.2,25.02
TATACONSUM,EQ,1073.7,-0.54,106221.31,2.31,24.8
SRF,EQ,2624.2,0.7,77787.8,0.94,24.68
LLOYDSENGG,EQ,91.71,-1.95,13544.62,26.62,24.61
ANURAS,EQ,1203.8,-0.46,13705.06,2.02,24.37
PAISALO,EQ,67.16,-2.2,6108.35,36.16,24.36
EIMCOELECO,EQ,2158,7.6,1244.82,1.15,24.3
PRIVISCL,EQ,3479.9,-0.07,13593.43,0.7,24.24
SBICARD,EQ,635.9,0.46,60514.95,3.78,23.85
VARROC,EQ,860.75,1.52,13151.09,2.76,23.81
AJANTPHARM,EQ,3704,0.85,46284.82,0.64,23.81
PREMIERENE,EQ,1017.9,0.06,46207.72,2.32,23.59
TIIL,EQ,3104.8,0.52,7039.45,0.75,23.58
NRBBEARING,EQ,475.9,3.7,4612.55,4.96,23.51
IDEAFORGE,EQ,795,-3.15,3950.7,2.93,23.49
INDIGOPNTS,EQ,1168.6,1.73,5578.04,1.98,23.41
ACUTAAS,EQ,3189.9,-1.41,26116.07,0.73,23.37
MOSCHIP,EQ,211.2,1.39,4112.32,11.04,23.36
THANGAMAYL,EQ,5422.5,-0.08,16854.23,0.43,23.24
GUJENERGY,EQ,276.25,-2.37,25918.63,8.36,23.12
MARINE,EQ,372.2,0.4,5208.73,6.22,23.11
GRAPHITE,EQ,734.45,1.78,14349.36,3.16,22.97
VGUARD,EQ,329.8,0.93,14409.46,6.98,22.92
SCI,EQ,287.95,-1.47,13412.68,7.77,22.52
IIFL,EQ,629.15,-0.32,26762.85,3.53,22.27
SWANCORP,EQ,304.35,-0.08,9540.06,7.32,22.22
NAVA,EQ,559.4,-2.31,15845.29,3.95,22.22
GMDCLTD,EQ,579.8,-0.17,18437.64,3.83,22.21
KNACK,EQ,210.75,1.31,2578.85,10.47,22.19
SUNTV,EQ,488.75,0.86,19260.89,4.5,22.12
SENCO,EQ,338.75,-0.91,5552.14,6.5,22.02
JINDALSTEL,EQ,1102.4,1,112454.51,2,21.91
DYCL,EQ,468.95,4.16,2272.47,4.76,21.9
INGERRAND,EQ,4489.7,-2.58,14173.08,0.49,21.86
SBILIFE,EQ,1791,-0.22,179684.05,1.22,21.84
IOLCP,EQ,161.2,-2.65,4731.66,13.45,21.75
CUB,EQ,210.89,1.08,20894.71,10.43,21.71
JPPOWER,EQ,17.34,-0.29,11883.9,125.06,21.66
AVANTIFEED,EQ,861.5,0.01,11737.56,2.54,21.64
BANDHANBNK,EQ,173.17,0.07,27899.44,12.45,21.54
INDHOTEL,EQ,718.6,-0.19,102287.84,2.99,21.46
LCL,EQ,541.8,2.43,5724.12,3.96,21.44
EBGNG,EQ,587.4,3.93,6697.04,3.69,21.36
RBLBANK,EQ,384.6,-0.1,59588.75,5.57,21.31
SEDEMAC,EQ,3220,2.13,14222.9,0.66,21.18
CMPDI,EQ,231.65,-2.36,16539.81,9.01,21.17
ICRA,EQ,5120,-2.77,4941.43,0.41,21.06
GRANULES,EQ,854.4,-0.47,21171.77,2.46,20.97
JSFB,EQ,549,-4.98,5803.73,3.76,20.97
SAGILITY,EQ,42.44,0.38,19867.56,49.47,20.95
DEEPAKFERT,EQ,1492,-0.29,18834.68,1.39,20.89
GMMPFAUDLR,EQ,1071.45,2.21,4816.94,1.97,20.89
GNA,EQ,557.85,2.79,2394.89,3.7,20.68
DIVGIITTS,EQ,1277.2,-1.83,3906.05,1.61,20.66
ECLERX,EQ,1849.3,-2.51,17392.8,1.1,20.47
LLOYDSME,EQ,1924.7,0.32,108342.7,1.06,20.42
FCL,EQ,43.6,0.55,5077.22,46.53,20.38
JSWINFRA,EQ,336.05,-0.91,78299.7,6.07,20.3
AGIIL,EQ,302,0.03,3774.92,6.7,20.26
ARE&M,EQ,943.15,-0.3,17262.04,2.15,20.25
GODREJIND,EQ,1215.9,-2.92,40957.72,1.66,20.2
EMCURE,EQ,1895,-1.93,35944.39,1.06,20.18
CGCL,EQ,224.83,-0.75,21632.11,9,20.17
LMW,EQ,19362,2.33,20684.42,0.1,20.11
KTKBANK,EQ,306.65,-0.97,11600.54,6.56,20.07
IRCTC,EQ,499.15,0.33,39932,3.99,19.92
APOLLOPIPE,EQ,533.05,4.35,2347.99,3.77,19.91
IREDA,EQ,115.61,-0.55,32477.52,17.21,19.87
SENORES,EQ,1520.3,2.88,7001.53,1.31,19.68
SHREECEM,EQ,24515,-1.13,88451.95,0.08,19.67
AXISCADES,EQ,1559,5,6630.97,1.26,19.63
JSLL,EQ,509.15,-2.34,6328.77,3.81,19.48
VEDPOWER,EQ,36.72,0.49,14358.94,53.18,19.42
NIBE,EQ,1445,-3.03,2159.01,1.35,19.41
SAATVIKGL,EQ,400.95,-6.19,5096.28,4.87,19.14
BBOX,EQ,780.7,-1.9,13865.17,2.46,19.1
GRAVITA,EQ,1801.5,0.4,13296.59,1.06,18.98
CESC,EQ,169.66,1.09,22489.63,11.2,18.95
AEQUS,EQ,247.94,-0.68,16628.48,7.58,18.94
KSHINTL,EQ,1015.05,-1.32,6877.54,1.83,18.9
DIACABS,BE,369.7,0.33,22110.69,5.06,18.72
ASTRAMICRO,EQ,1717.2,-1.27,16303.96,1.08,18.7
SUMICHEM,EQ,558.85,-1.08,27894.76,3.32,18.69
VINCOFE,EQ,145,-2.06,2112.48,12.69,18.57
ANANDRATHI,EQ,2178.2,0.16,36167.11,0.85,18.57
RENUKA,EQ,22.85,4.1,4863.6,81.69,18.5
TATACOMM,EQ,1700.6,-1.02,48469.95,1.09,18.49
ASKAUTOLTD,EQ,649.6,0.76,12806.38,2.8,18.45
WELCORP,EQ,1860.5,-0.68,49078.25,0.99,18.43
DECNGOLD,EQ,226.73,0.56,4487.03,8.18,18.42
ROSSTECH,EQ,1086.3,1.2,4094.97,1.66,18.14
BANKBEES,EQ,594.31,-0.35,8343.77,3.01,17.89
LUMAXTECH,EQ,2052.8,1.34,13991.41,0.87,17.85
MOL,EQ,63.2,-0.05,1607.27,28,17.74
GPIL,EQ,237.9,1.05,16012.99,7.4,17.42
MRF,EQ,133050,-0.33,56428.41,0.01,17.41
EASEMYTRIP,EQ,6.07,-5.16,2418.68,283.79,17.4
ABFRL,EQ,55.09,-1.59,6723.79,31.46,17.33
PRAJIND,EQ,331.35,-1.16,6090.65,5.2,17.21
PIIND,EQ,2485.6,-0.18,37711.06,0.69,17.21
JNPR,EQ,243.58,-3.1,13859.66,6.97,17.21
KPRMILL,EQ,1128.6,1.68,38577.13,1.54,17.17
SAREGAMA,EQ,516,-2.14,9948.97,3.25,17.11
HUDCO,EQ,186.79,-0.9,37393.49,9.13,17.09
BRIGADE,EQ,596.95,0.91,19470.26,2.9,16.94
PVRINOX,EQ,1197.8,2.03,11762.39,1.42,16.93
NLCINDIA,EQ,272.85,-0.93,37834.38,6.21,16.91
TASTYBITE,EQ,10021,0.16,2571.39,0.17,16.81
PETRONET,EQ,282.8,0.07,42420,5.91,16.75
PNGSREVA,EQ,578.1,1.11,1832.48,2.84,16.75
CLEAN,EQ,833.35,1.44,8857.05,2,16.65
WEWORK,EQ,713.25,0.67,9884.95,2.31,16.57
PNBHOUSING,EQ,1142.3,-0.71,29767.19,1.45,16.56
SUPRIYA,EQ,782.15,-1.2,6294.96,2.08,16.45
ITBEES,EQ,34.34,-1.35,3801.15,47.11,16.2
TITAGARH,EQ,816.85,-1.74,11000.83,1.98,16.14
TURTLEMINT,EQ,136.37,-0.78,4015.81,12.41,15.95
CYIENTDLM,EQ,723.3,3.83,5741.8,2.23,15.94
LIQUIDADD,EQ,1140.63,0.01,1630.99,1.39,15.87
ORCHPHARMA,EQ,992.2,-5.11,5032.35,1.63,15.8
YASHO,EQ,4341.9,2.99,5235.07,0.36,15.69
JAINREC,EQ,298.5,1.74,10300.81,5.24,15.57
JMFINANCIL,EQ,126.88,0.36,12141.91,12.24,15.51
KEC,EQ,434.4,-1.25,11563.73,3.54,15.45
BHARTIHEXA,EQ,1634.5,0.83,81725,0.94,15.4
JGCHEM,EQ,607.15,0.16,2379.18,2.5,15.4
ASAHIINDIA,EQ,930.6,-0.92,23723.52,1.64,15.39
CYIENT,EQ,863.85,-0.37,9048.12,1.8,15.37
CONCOR,EQ,520.5,-1.23,39642.21,2.93,15.33
ZOTA,EQ,1118.4,-1.14,3873.31,1.35,15.27
GANDHAR,EQ,246.5,0.38,2412.73,6.19,15.23
GENESYS,EQ,177.2,-2.18,740.53,8.75,15.22
UNITDSPR,EQ,1536.3,0.02,111742.91,0.99,15.2
GSFC,EQ,160.46,0.13,6393.97,9.36,15.15
SBCL,EQ,1027.5,-1.21,5918.83,1.45,15.13
KISSHT,EQ,305.7,-1.23,5150.53,4.95,15.11
CHOLAHLDNG,EQ,1576,-1.33,29593.73,0.96,15.02
AVTNPL,EQ,87,7.08,1324.87,17.37,14.95
OMAXE,EQ,98.44,-0.71,1800.47,15.33,14.82
ANTELOPUS,EQ,807.85,3.23,2840.59,1.81,14.82
GOKEX,EQ,787.05,0.43,5767,1.86,14.73
LIQUID1,EQ,1118.51,0.01,2765.32,1.31,14.7
KPIL,EQ,1373.5,1.58,23455.61,1.08,14.67
JKCEMENT,EQ,5302,-0.08,40967.63,0.28,14.61
JUBLPHARMA,EQ,865.7,-0.01,13788.97,1.7,14.59
ENGINERSIN,EQ,240.4,-1.35,13511.5,6.02,14.54
JNKINDIA,EQ,466.6,2.27,2610.81,3.12,14.53
GROWWCHEM,EQ,30.66,-0.55,27.15,46.98,14.42
BASF,EQ,3998.8,-1.94,17309.06,0.36,14.34
WALCHANNAG,EQ,221.9,-1.29,1505.42,6.31,14.3
NH,EQ,1822.2,-0.57,37238.63,0.78,14.27
GABRIEL,EQ,1438.5,-1.41,25494.54,0.99,14.23
LOTUSDEV,BE,171.7,-0.43,8391.39,8.26,14.19
SHAILY,EQ,3392.9,0.83,15605.73,0.42,14.19
IGL,EQ,149.69,-1.32,20956.62,9.52,14.19
HDFCGOLD,EQ,130.64,1.01,22692.98,10.8,14.11
RPTECH,EQ,869,4.19,5770.66,1.63,14.1
RHETAN,EQ,21.28,1.09,1695.75,66.16,14.07
EIDPARRY,EQ,784.8,1.24,13965.96,1.78,14.05
TRITURBINE,EQ,597.2,0.81,18984.69,2.37,14.05
EPACKPEB,EQ,224,-2.48,2254.09,6.18,14.02
JSL,EQ,736.6,-0.17,60726.75,1.89,14.01
SOUTHBANK,EQ,45.3,-0.96,11860.38,30.85,14.01
MCLOUD,EQ,27.06,-4.99,1594.02,51.74,13.99
SIGMAADV,EQ,627.1,-5,11051.99,2.2,13.89
NHPC,EQ,76.15,-0.98,76492.94,18.16,13.85
STYLAMIND,EQ,3602.4,-1.09,6105.37,0.38,13.82
SKIPPER,EQ,533.35,1.52,6021.74,2.63,13.75
NIACL,EQ,181.98,1.62,29990.3,7.57,13.71
SOLARWORLD,EQ,150.46,-4.83,1304.08,9.07,13.65
VSSL,EQ,361.7,2.36,3497.68,3.72,13.53
STALLION,BE,237.6,3.37,2758.2,5.82,13.51
ACE,EQ,1101,1.42,13111.06,1.23,13.51
CARTRADE,EQ,2787.2,-0.38,13521.27,0.48,13.41
ORIANA,SM,1250,-3.69,2539.89,1.06,13.37
JWL,EQ,249.9,-2.57,10679.99,5.3,13.29
OMNI,EQ,567,-2.07,7011.86,2.32,13.23
RAMCOCEM,EQ,912.8,0.62,21568.77,1.44,13.21
63MOONS,EQ,783.75,-0.32,3611.41,1.69,13.2
ABREL,EQ,1399.8,-0.22,15635.16,0.94,13.17
PTC,EQ,160.28,-0.74,4744.42,8.16,13.15
BALKRISIND,EQ,2377.4,0.58,45959.23,0.55,13.14
MGL,EQ,1123.3,-1.35,11095.71,1.16,13.1
TANLA,EQ,572.85,-1.58,7596.99,2.27,13.05
KRBL,EQ,385.75,-0.17,8829.43,3.39,12.99
POLYMED,EQ,1750.6,-1.99,17743.99,0.74,12.99
PREMIERPOL,EQ,81.59,10.93,854.59,16.02,12.96
ATGL,EQ,648.4,-0.86,71311.69,1.99,12.95
SARDAEN,EQ,519.55,-2.18,18307.97,2.45,12.8
PIRAMALFIN,EQ,2065,0.35,46808.95,0.62,12.76
ZENSARTECH,EQ,488.8,-0.41,11122.89,2.61,12.74
SETFGOLD,EQ,130.45,1.08,26715.74,9.76,12.72
CMSINFO,EQ,256.05,-2.81,4098.42,4.91,12.69
NEWGEN,EQ,532.5,-0.5,7588.66,2.39,12.69
FLYSBS,SM,529.7,19.99,916.58,2.51,12.67
KITEX,EQ,127.11,-5.31,2535.84,9.84,12.66
AEGISVOPAK,EQ,268.8,-0.11,29782.81,4.74,12.64
CMRGREEN,EQ,216.55,1.4,4743.65,5.83,12.64
TECHNOE,EQ,942.8,-2.64,10964.72,1.33,12.62
KUSUMGAR,EQ,593.6,-1.37,6232.29,2.12,12.62
BLISSGVS,BE,523.25,0.77,5559.22,2.38,12.57
SIGNATURE,EQ,806.7,-0.32,11349.14,1.56,12.56
GRWRHITECH,EQ,7044.5,-0.62,16366.06,0.18,12.54
KPEL,EQ,240.75,-4.5,1632.24,5.13,12.52
DYNAMATECH,EQ,11131,-0.51,7559.56,0.11,12.52
DEEDEV,EQ,661.25,4.64,4975.21,1.9,12.4
ALICON,EQ,731.65,1.67,1200.77,1.66,12.39
MODEFENCE,EQ,108.32,0.63,1371.33,11.43,12.39
PITTIENG,EQ,1048.7,-1.05,3948.73,1.16,12.38
RICOAUTO,EQ,132.8,0.61,1796.58,9.25,12.38
PARADEEP,EQ,146.69,-0.78,15228.92,8.4,12.37
PONNIERODE,EQ,345.95,0.19,297.46,3.53,12.34
ASIANTILES,EQ,47.9,-5.24,1420.12,25.4,12.34
LTTS,EQ,3511.7,1,37251.25,0.35,12.26
TATAINVEST,EQ,654.8,-1.87,33129.66,1.86,12.23
KAJARIACER,EQ,1248,-0.43,19611.45,0.98,12.19
MID150BEES,EQ,242.34,-0.23,3877.81,5,12.1
V2RETAIL,EQ,217.67,0.59,7937.07,5.55,12.05
FIEMIND,EQ,2326,-1.04,6121.95,0.51,11.96
ABBOTINDIA,EQ,26730,-1.22,56799.38,0.04,11.9
SUNDARMFIN,EQ,4486.7,0.36,49848.97,0.27,11.89
REFEX,EQ,305,2.61,4185.19,3.89,11.87
COLPAL,EQ,1965.2,-0.8,53450.62,0.6,11.85
ACMESOLAR,EQ,366.05,-2.15,25875.14,3.23,11.85
ASIANENE,EQ,394,5.24,1916.7,3.06,11.79
NAZARA,EQ,353.9,-0.56,13110.76,3.31,11.77
DEEPINDS,EQ,683.5,2.21,4374.4,1.72,11.71
AIAENG,EQ,4385.3,-2.17,40923.78,0.27,11.69
DALBHARAT,EQ,1850,0.43,34699.7,0.63,11.69
PARACABLES,EQ,63.47,-2.76,2076.99,18.09,11.68
MMFL,EQ,595.2,0.92,2873.72,2,11.65
RATEGAIN,EQ,952.45,1.04,11279.44,1.23,11.63
HCC,EQ,19.74,-0.4,5170.83,58.65,11.62
SILVERTUC,EQ,197.6,-5.54,2505.77,5.85,11.6
BAJAJHFL,EQ,83.92,-0.49,69924.95,13.77,11.56
CROMPTON,EQ,245.8,-1.01,15827.43,4.65,11.47
GOLDETF,EQ,148.53,0.92,3446.82,7.71,11.46
CARERATING,EQ,1733.9,0.96,5217.98,0.66,11.45
EDELWEISS,EQ,122.13,0.12,11559.99,9.43,11.44
IKS,EQ,1829.5,-0.57,31389.31,0.62,11.39
AKUMS,EQ,741.1,2,11664.47,1.53,11.36
CEATLTD,EQ,3618.4,-1.91,14636.46,0.31,11.31
COROMANDEL,EQ,2092.5,-0.13,61732.19,0.54,11.31
KIMS,EQ,805.25,-0.48,33821.02,1.4,11.3
ACC,EQ,1305.5,-1.2,24515.63,0.86,11.25
DREDGECORP,EQ,1155.1,-0.97,3234.28,0.96,11.18
BLUEJET,EQ,592.5,1.37,11214.59,1.88,11.12
WAKEFIT,EQ,125.65,3.52,4163.18,8.81,10.94
SHRIPISTON,EQ,4466.7,-0.57,19675.73,0.24,10.9
ZEEMEDIA,EQ,9.74,1.14,638.39,109.53,10.77
NIFTYIETF,EQ,275.64,-0.43,44401.96,3.91,10.77
HARSHA,EQ,426.5,3.46,3883.03,2.51,10.76
ATUL,EQ,6747,0.27,19864.35,0.16,10.75
KLBRENG-B,EQ,339.9,-5.11,1778.11,3.14,10.68
MSUMI,EQ,40.33,-0.05,26745.49,26.49,10.66
LLOYDSENT,EQ,75.61,-1.15,11523.78,14.16,10.66
CMLL,EQ,532.7,1.11,3482.57,2.03,10.65
JUNIORBEES,EQ,805.7,-0.26,8825.41,1.31,10.59
XTRANET,EQ,162.58,-5.75,850.06,6.18,10.57
UTTAMSUGAR,EQ,277.13,4.86,1056.92,3.83,10.57
GLAXO,EQ,2700,0.42,45739.63,0.39,10.54
COSMOFIRST,EQ,957.85,2.08,2514.33,1.1,10.53
SBC,EQ,39.05,1.17,1859.52,26.89,10.51
BSOFT,EQ,307.15,-1.57,8587.9,3.39,10.45
PRECWIRE,EQ,457.95,-0.09,8371.69,2.28,10.45
GODFRYPHLP,EQ,2127.5,-1,33185.12,0.49,10.43
LALPATHLAB,EQ,1887.4,-1.51,31639.95,0.55,10.42
BALAMINES,EQ,2115.6,-0.85,6854.76,0.49,10.37
LIQUIDETF,EQ,1000,0,933.4,1.03,10.34
SILVERCASE,EQ,23.77,1.36,1216.54,43.57,10.34
TEGA,EQ,1694.9,-0.52,12733.39,0.6,10.31
ASHAPURMIN,EQ,607.85,0.73,5806.55,1.69,10.29
INOXINDIA,EQ,1951.6,0.44,17713.4,0.52,10.27
TARIL,EQ,295.7,-0.79,8875.9,3.46,10.25
CASTROLIND,EQ,187.02,0.11,18497.49,5.47,10.23
SWSOLAR,EQ,202.77,0.38,4735.52,5.08,10.2
KNRCON,EQ,128.42,-3.03,3611.61,7.92,10.16
CAPLIPOINT,EQ,2445.8,-1.4,18590.94,0.41,10.14
THYROCARE,EQ,614.2,-1.58,9775.93,1.63,10.09
GOLDCASE,EQ,24.08,1.13,2518.3,41.72,10.04
IDBI,EQ,81.61,-1.02,87750.35,12.28,10.04
AGI,EQ,726.25,3.19,4698.65,1.39,10
GUFICBIO,EQ,426.75,1.08,4279.56,2.4,9.95
APTUS,EQ,251.9,0.56,12615.6,3.97,9.94
MANYAVAR,EQ,533.95,0.98,12973.82,1.87,9.91
KIRLPNU,EQ,1528.4,0.24,9928.97,0.64,9.86
HDFCSML250,EQ,184.2,-0.24,2563.54,5.33,9.81
PFIZER,EQ,4902.1,0.56,22426,0.2,9.8
LEMONTREE,EQ,109.07,0.14,8641.03,8.86,9.67
GODREJAGRO,EQ,585.5,0.86,11262.68,1.64,9.6
GOODLUCK,EQ,1310.5,-1.07,4355.91,0.73,9.59
SUNDRMFAST,EQ,1215.2,-0.2,25534.8,0.78,9.55
BAJAJHIND,EQ,17.67,2.14,4224.31,54.46,9.55
AGARWALEYE,EQ,505.85,-0.13,16036.77,1.87,9.45
YATHARTH,EQ,842.85,-0.22,8121.23,1.08,9.15
GOLD1,EQ,127.7,1.07,14774.21,7.16,9.14
RAYMONDLSL,EQ,759.15,2.42,4625.02,1.21,9.14
LINDEINDIA,EQ,6589,-1.6,56193.77,0.14,9.08
SAPPHIRE,EQ,235.33,0.26,7563.1,3.88,9.08
CHAMBLFERT,EQ,439.15,-0.8,17594.57,2.06,9.06
MOCAPITAL,EQ,53.34,0.15,277.23,16.97,9.03
BERGEPAINT,EQ,550.35,0.96,64170.96,1.64,9.03
GCSL,EQ,486.05,-6.12,1174.27,1.81,9
STAR,EQ,977.8,1.03,9012.65,0.92,8.97
AWL,EQ,191.79,-0.19,24926.54,4.64,8.93
SEAMECLTD,EQ,1544.7,0.18,3927.4,0.57,8.91
CEWATER,EQ,274.8,3.84,568.73,3.22,8.9
TRUALT,EQ,480.9,-0.15,4123.84,1.84,8.88
ABDL,EQ,595,-0.74,16642.75,1.48,8.86
HMAAGRO,EQ,24.39,0.62,1221.38,35.13,8.84
SATIN,EQ,229,1.53,2529.79,3.84,8.82
YATRA,EQ,115.28,1.11,1808.93,7.68,8.82
ONESOURCE,EQ,1561.8,0.17,17909.16,0.56,8.8
AETHER,EQ,1620,-0.31,21501.91,0.54,8.79
POLYPLEX,EQ,1200.3,1.59,3768.04,0.73,8.75
SHAKTIPUMP,EQ,498.2,-0.42,6147.69,1.76,8.74
JAYNECOIND,EQ,87.16,-1.99,8463.22,9.98,8.72
ESCORTS,EQ,3126.1,0.4,34974.1,0.28,8.66
SOBHA,EQ,1311.4,-1.26,14023.17,0.66,8.65
UNIPARTS,EQ,817.55,0.19,3692.14,1.05,8.58
VINDHYATEL,EQ,2483.3,3.4,2942.92,0.35,8.58
SOMANYCERA,EQ,516.7,-1.14,2119.13,1.66,8.54
NCC,EQ,139.07,-1.12,8731.46,6.13,8.53
SAMHI,EQ,159.06,-2.64,3533.28,5.27,8.43
TATACAP,EQ,361.35,-0.78,153388.34,2.33,8.42
CARYSIL,EQ,1143.2,-3.1,3251.56,0.73,8.41
SILVER,EQ,234.06,1.3,3097.76,3.57,8.34
DHAMPURSUG,EQ,165.29,2.71,1062.92,5.05,8.3
HCG,EQ,713.05,-0.17,10645.99,1.16,8.25
ICIL,EQ,383.15,1.26,7588.45,2.16,8.21
FSL,EQ,269.15,0.77,18759.51,3.06,8.2
PGIL,EQ,2413.6,-2.47,11147.45,0.34,8.17
DWARKESH,EQ,44.5,3.61,824.59,18.28,8.09
STARHEALTH,EQ,583.8,-0.23,34361.12,1.38,8.08
CARBORUNIV,EQ,1122.4,-2.54,21380.99,0.71,8.08
INTELLECT,EQ,693.15,-1.06,9722.59,1.16,8.03
LIQUIDIETF,EQ,999.99,0.11,1121.4,0.8,7.99
TBOTEK,EQ,1678.1,2.74,18222.12,0.48,7.99
SOTL,EQ,696.6,-0.36,4775.92,1.13,7.97
GHCLTEXTIL,EQ,118.68,0.45,1134.41,6.65,7.94
CASHIETF,EQ,1075.61,0.01,1001.71,0.74,7.93
RGL,EQ,122.36,-0.54,1314.1,6.4,7.93
PACEDIGITK,EQ,177.33,-1.98,3827.69,4.46,7.93
VERANDA,EQ,231.8,-5.73,2233.41,3.39,7.87
KENNAMET,EQ,3590.7,2.2,7891.73,0.22,7.87
JKTYRE,EQ,381.7,-0.62,11004.01,2.05,7.83
VENUSPIPES,EQ,1583,0.36,3279.36,0.5,7.76
FIRSTCRY,EQ,208.02,0.94,10860.48,3.74,7.76
NTPCGREEN,EQ,91.7,-0.25,77269.44,8.42,7.73
SANGHVIMOV,EQ,485,-0.83,4198.94,1.58,7.72
IEX,EQ,124.73,-0.02,11122.08,6.21,7.72
MUFIN,EQ,137.27,1.28,2720.17,5.61,7.72
BCG,EQ,9.89,-0.4,1995.72,77.58,7.71
NORTHARC,EQ,278.8,-0.91,4506.84,2.78,7.71
ALLCARGO,EQ,9.83,-1.7,1472.32,76.57,7.63
TATACHEM,EQ,666.35,-0.64,16975.68,1.14,7.6
MOIL,EQ,271.05,-1.13,5515.47,2.79,7.58
KRISHANA,EQ,189.01,-0.88,5843.02,3.97,7.57
TINNARUBR,EQ,1040.1,-4.55,1873.82,0.72,7.57
ARFIN,EQ,82.76,-1.53,1396.35,9.16,7.57
RHIM,EQ,375.15,-1.24,7746.9,2.01,7.54
IBULLSLTD,EQ,25.95,-4.17,6045.17,28.67,7.53
SBISILVER,EQ,229.76,1.36,6093.95,3.27,7.51
SOLEX,EQ,791.25,-10.07,854.75,0.95,7.49
JSWCEMENT,EQ,127.91,-1.62,17438.8,5.82,7.47
WEL,EQ,145.5,0.31,1949.82,5.05,7.46
ELLEN,EQ,336.2,1.08,4738.25,2.23,7.45
SAMBHV,EQ,121.26,0.17,3573.19,6.12,7.43
BCLIND,EQ,36.89,3.54,1088.86,20.19,7.41
CANFINHOME,EQ,810,-1.32,10785.52,0.91,7.37
QUESS,EQ,334,-1.12,4988.62,2.16,7.3
IMFA,EQ,1382,-1.6,7456.46,0.52,7.28
PCBL,EQ,310.25,0.15,12207.18,2.34,7.25
CHOICEIN,EQ,804.3,-0.01,17917.91,0.9,7.21
JAMNAAUTO,EQ,122.57,-0.45,4902.62,5.87,7.2
POWERMECH,EQ,2439.2,-0.65,7711.85,0.29,7.14
RAINBOW,EQ,1453.9,-0.54,14766.77,0.49,7.12
SHALPAINTS,BE,93,1.76,778.51,7.5,7.08
HDBFS,EQ,681.2,-0.84,56583.46,1.03,7.08
BORORENEW,EQ,571.05,-1.04,8010.87,1.24,7.04
RIR,EQ,173.91,5.17,1383.84,4.06,7.04
PSUBNKBEES,EQ,96.63,-0.91,4082.62,7.28,7.03
ALPEXSOLAR,SM,778.75,0.21,1989.16,0.92,6.95
VAIBHAVGBL,EQ,225.45,-1.25,3778.94,3.07,6.94
GREAVESCOT,EQ,195.55,0.61,4555.37,3.54,6.9
SURAKSHA,EQ,318.6,4.49,1659.29,2.18,6.87
ANDHRSUGAR,EQ,102.48,0.59,1388.97,6.63,6.86
FINKURVE,EQ,77.05,5.93,1079.81,8.75,6.83
TBZ,EQ,244.8,-2.61,1633.57,2.77,6.82
CPSEETF,EQ,93.59,-0.28,19228.08,7.28,6.82
UCAL,EQ,155.31,11.05,343.45,4.44,6.79
TRAVELFOOD,EQ,1350,-1.09,17776.73,0.5,6.78
SPORTKING,EQ,208,4.06,2643.1,3.34,6.78
BLACKBUCK,EQ,566.55,-0.81,10319.71,1.19,6.72
SONATSOFTW,EQ,322.35,-1.09,9039.49,2.1,6.71
VOLTAMP,EQ,10010.5,-1.29,10127.74,0.07,6.71
EIEL,EQ,199.65,1.48,3504.46,3.36,6.69
CELLO,EQ,371.25,-1.68,8200.36,1.79,6.69
TATVA,EQ,1688.9,-1.65,3950.68,0.39,6.69
INDIAMART,EQ,1769.9,-1.12,10644.74,0.38,6.69
3MINDIA,EQ,34900,-1.25,39315.09,0.02,6.64
SSWL,EQ,310.1,-0.89,4876.79,2.11,6.62
GICRE,EQ,353.95,0.53,62096.99,1.87,6.6
NPST,EQ,1650.1,4.03,3442.69,0.41,6.59
UGARSUGAR,EQ,51.49,6.85,579.26,12.65,6.54
ANAWIL,ST,408.25,-2.9,1020.62,1.55,6.54
GOLDAXIS,EQ,127.55,1.21,5617.39,5.12,6.53
PRAKASH,EQ,127.74,-7.22,2287.59,5.08,6.52
VMARCIND,SM,364.5,-0.36,5340.81,1.8,6.52
MOBIKWIK,EQ,202.26,-0.47,1592.74,3.2,6.45
LIQUIDPLUS,EQ,1099.21,0.01,1102.59,0.58,6.43
BHARATCOAL,EQ,33.29,-1.19,15503.15,19.13,6.39
SCHAEFFLER,EQ,4038.5,-0.12,63123.24,0.16,6.38
BAYERCROP,EQ,4088,1.04,20483.84,0.16,6.37
PARAGMILK,EQ,206.66,-1.96,2595.85,3.07,6.36
IZMO,EQ,943.7,0.45,1412.02,0.67,6.36
CCAVENUE,EQ,15.19,-1.56,5298.88,41.81,6.36
USHAMART,EQ,488.35,0.08,14882.06,1.29,6.33
LXCHEM,EQ,178.3,1.28,4942.68,3.53,6.29
VIJAYA,EQ,1482,0.54,15264.26,0.42,6.29
SETFNIF50,EQ,262,-0.4,215827.84,2.4,6.29
TEMBO,EQ,62.7,3.13,1162.78,10.14,6.26
ABSLAMC,EQ,1017.8,0.65,29441.26,0.62,6.24
AVL,EQ,604,-3.31,7799.94,1.01,6.19
FIVESTAR,EQ,539.3,-1.98,15919.49,1.14,6.17
SPARC,EQ,198.63,0.33,6445.54,3.08,6.15
BHAGYANGR,EQ,381,4.58,1219.01,1.63,6.14
GRMOVER,EQ,88.6,-1.18,1835.88,6.9,6.12
PNGJL,EQ,614.5,0.62,9045.6,0.99,6.09
DOLPHIN,EQ,546.75,7.61,2187.25,1.14,6.08
FINEORG,EQ,5168.2,0.47,15845.69,0.12,6.08
BANCOINDIA,EQ,609.6,-1.38,8719.55,1,6.07
SIYSIL,EQ,639.9,0.39,2903.23,0.94,6.07
REPCOHOME,EQ,349.85,-2.15,2188.71,1.73,6.06
KRISHNADEF,EQ,1085.7,0.74,1622.88,0.56,6.05
TIPSMUSIC,EQ,655.4,-2.31,8378.08,0.92,6.04
SANGINITA,BE,56.7,5,342.16,10.62,6.02
MINDSPACE,RR,497.24,0.4,32916.96,1.21,6.02
MON100,EQ,336.81,1.27,16979.76,1.79,6.02
OSWALPUMPS,EQ,299.3,-0.4,3412.17,2.01,6.01
MEDANTA,EQ,1419,-0.25,38152.91,0.42,6
ROUTE,EQ,506.35,0.22,3190.16,1.18,6
KABRAEXTRU,EQ,519.8,0.46,1817.89,1.16,6
ELECON,EQ,434.5,0.5,9750.18,1.38,5.97
HDFCLIQUID,EQ,1074.02,0.01,71,0.55,5.95
FUSION,EQ,194.44,-2.07,3143.78,3.03,5.93
TARC,EQ,122.85,-1.88,3625.26,4.85,5.92
ITCHOTELS,EQ,166.64,1.04,34710.72,3.57,5.91
RELIGARE,EQ,232.65,-0.89,7744.7,2.53,5.9
TEXRAIL,EQ,105.92,1.02,4309.51,5.58,5.9
VENUSREM,BE,1760.6,-1.21,2353.39,0.33,5.89
VISAKAIND,EQ,92,-3.62,794.92,6.35,5.86
AIMTRON,SM,1674.95,-3.25,3490.82,0.34,5.84
BEPL,EQ,121.46,-1.81,3022.63,4.74,5.83
AFFLE,EQ,1675.2,0.38,23600.11,0.35,5.78
INDOSTAR,EQ,244.35,2.13,3949.34,2.38,5.78
PGINVIT,IV,100.33,0.19,9130.02,5.77,5.78
MTNL,EQ,27.1,2.85,746.94,21.19,5.78
PANACEABIO,EQ,411.25,3.73,2518.94,1.41,5.75
KMCSHIL,EQ,141.36,6.45,2305.37,4.04,5.74
IRB,EQ,19.1,-0.83,23068.98,29.99,5.72
AFCONS,EQ,270,0.45,9930.19,2.11,5.71
JUBLINGREA,EQ,730.65,-0.85,11637.88,0.77,5.67
SIKA,EQ,1021.9,-7,2166.52,0.55,5.66
SHRINGARMS,EQ,228.81,2.48,2206.46,2.48,5.63
PVP,EQ,35.43,0,922.61,15.39,5.61
AHLUCONT,EQ,793,-5.3,5312.11,0.71,5.6
ALKYLAMINE,EQ,1926,0.47,9850.75,0.29,5.6
BETA,EQ,2452.4,-3.85,2718.7,0.23,5.59
ARVSMART,EQ,671.1,2.36,3078.13,0.83,5.58
ZFCVINDIA,EQ,2623.7,-0.49,29859.15,0.21,5.56
PVTBANKADD,EQ,27.66,-0.47,762.62,20.06,5.54
AVANTEL,EQ,157.49,-0.64,4184.68,3.51,5.52
KROSS,EQ,204.64,-2.65,1320.12,2.65,5.51
SFL,EQ,680.25,-2.81,7428.56,0.8,5.49
INDIGRID,IV,176.9,-1.02,16850.87,3.1,5.47
STUDDS,EQ,448.15,5.39,1763.62,1.23,5.47
WONDERLA,EQ,468.55,0.06,2973.66,1.16,5.45
MAYURUNIQ,EQ,728.5,-2.14,3165.52,0.74,5.44
PROTEAN,EQ,553.2,0.24,2247.16,0.99,5.42
TALBROAUTO,EQ,424,1.07,2617.27,1.26,5.38
COCKERILL,EQ,8415,-1.91,4155.17,0.06,5.38
DENTA,EQ,284.45,-3.82,759.48,1.86,5.37
FILATEX,EQ,81.56,0.21,3621.74,6.56,5.3
RALLIS,EQ,212.75,0.13,4137.33,2.49,5.3
APCOTEXIND,EQ,609.95,1.74,3162.28,0.87,5.28
EUREKAFORB,EQ,433.9,-2,8392.46,1.21,5.28
KSCL,EQ,772.5,-0.96,3973.67,0.69,5.26
MBAPL,EQ,166.54,-1.14,7296.7,3.11,5.26
ARMANFIN,EQ,1968.4,-0.05,2069.73,0.27,5.26
MAWANASUG,EQ,121.15,4.4,473.9,4.37,5.23
SAKAR,EQ,879.95,0.46,1957.88,0.6,5.22
SHILCTECH,EQ,3888.7,-0.4,4448.75,0.13,5.21
PAKKA,EQ,85,14.25,382.06,6.21,5.2
TRANSRAILL,EQ,464.25,-1,6232.84,1.12,5.19
MODIS,EQ,418.75,4.67,820.38,1.24,5.17
DCBBANK,EQ,182.51,0.26,5879.54,2.82,5.15
MAPMYINDIA,EQ,991.7,0.2,5430.65,0.52,5.15
INDGN,EQ,561.15,0.96,13521.15,0.9,5.04
BI,EQ,89.5,16.52,210.73,5.64,5.03
SAHYADRI,EQ,392.6,9.03,429.75,1.29,5.01
KIRIINDUS,EQ,412.15,0.17,2685.9,1.21,5
SUMEETINDS,EQ,14.45,-2.17,1003.91,34.42,4.99
AADHARHFC,EQ,490.3,-1.59,21442.64,1.01,4.97
TMB,EQ,836,-1.58,13238.18,0.59,4.94
MAMATA,EQ,400.75,-6.04,986.16,1.19,4.86
SJVN,EQ,66.6,-0.91,26172.44,7.28,4.85
ALGOQUANT,EQ,65.88,-0.18,1851.86,7.38,4.85
ENTERO,EQ,1412.3,-0.3,6146.76,0.34,4.84
EMAMILTD,EQ,402.25,-0.26,17558.21,1.2,4.81
INDIAGLYCO,EQ,1060,-0.1,7104.84,0.45,4.8
TIMEX,EQ,528,0.64,5330.16,0.91,4.8
WSTCSTPAPR,EQ,607.25,-0.67,4010.82,0.78,4.78
KDDL,EQ,3983.5,1.36,4899.42,0.12,4.75
AIIL,EQ,555.6,-1.65,47182.97,0.85,4.74
IRCON,EQ,123.8,-0.79,11643.58,3.83,4.74
DSSL,EQ,1170,-2.21,1490.24,0.41,4.72
RELAXO,EQ,393.45,-0.71,9794.49,1.2,4.71
METALIETF,EQ,13.1,0.23,996.14,36.02,4.7
WELENT,EQ,567.1,0.96,7849.45,0.82,4.69
MASFIN,EQ,302.9,0.46,5496.22,1.55,4.68
STYLEBAAZA,EQ,383.5,5,2919.1,1.22,4.67
CAPILLARY,EQ,529.8,-1.53,4216.61,0.87,4.66
SGFIN,EQ,657.8,-0.64,3676.77,0.71,4.65
AJAXENGG,EQ,565.25,-2.91,6466.84,0.81,4.62
OBSCP,SM,885,3.87,2287.34,0.52,4.61
DBREALTY,EQ,109,-2.6,5912.23,4.26,4.61
POCL,EQ,485.95,-1.22,3706.74,0.94,4.59
ALPHAGEO,EQ,338.67,12.38,215.56,1.41,4.59
INOXGREEN,EQ,183,-2.18,7347.3,2.49,4.58
ATULAUTO,EQ,501.65,1.43,1392.14,0.91,4.56
GANECOS,EQ,1091.1,2.88,2923.71,0.42,4.55
STYRENIX,EQ,2164.9,-0.86,3807.11,0.21,4.53
COMSYN,EQ,282.41,-2.05,1139.22,1.57,4.52
TNPETRO,EQ,113.3,2.14,1019.38,4.01,4.5
GILLETTE,EQ,7570,-0.39,24667.01,0.06,4.5
FMCGIETF,EQ,51.93,-0.82,747.76,8.67,4.5
JBMA,EQ,625.75,0.45,14798.63,0.72,4.48
JINDRILL,EQ,582.85,-0.88,1689.16,0.77,4.47
FEDFINA,EQ,149.7,-0.78,5614,2.98,4.46
AURIONPRO,EQ,727.45,-0.89,4020.01,0.61,4.46
JKPAPER,EQ,382.4,0.66,6933.63,1.16,4.45
SYNGENE,EQ,401.05,-0.1,16189.15,1.11,4.43
FACT,EQ,792,-1.94,51248.1,0.55,4.42
TORNTPOWER,EQ,1305.8,-0.25,65799.72,0.34,4.4
RUDRA,EQ,23.9,6.41,239.82,18.4,4.37
APOLLOTYRE,EQ,439.9,-0.95,27938.09,0.99,4.36
GAYAPROJ,BE,22.21,4.96,1031.21,19.7,4.36
SYNCOMF,EQ,15.22,2.01,1430.68,28.63,4.34
DCMSHRIRAM,EQ,1020,-0.46,15906.11,0.42,4.32
SUDEEPPHRM,EQ,1085,-1.86,12254.93,0.4,4.32
SANDHAR,EQ,635.3,-0.71,3823.92,0.68,4.3
PGHH,EQ,8399,-0.33,27263.77,0.05,4.29
ALIVUS,EQ,1393.7,0.5,17110.66,0.31,4.27
KHAICHEM,EQ,57,8.84,552.84,7.62,4.26
LIQGRWBEES,EQ,1051.95,0.01,150.25,0.4,4.25
ARVINDFASN,EQ,440.45,-1.65,5886.27,0.96,4.25
JINDALSAW,EQ,266,-0.41,17010.92,1.6,4.25
ENCOMPAS,SM,235.8,-0.04,334.45,1.83,4.24
LIQUID,EQ,1000,0,528.09,0.42,4.23
SANDUMA,EQ,197.26,-0.38,9588.9,2.15,4.23
HONAUT,EQ,36550,-1.76,32315.77,0.01,4.22
LATENTVIEW,EQ,283.3,-0.67,5862.18,1.48,4.2
WAAREERTL,EQ,887.25,-0.48,9261.05,0.47,4.19
PHARMABEES,EQ,27.15,-0.37,1694.52,15.34,4.18
CHALET,EQ,838.1,1.58,18353.9,0.5,4.17
ICICIB22,EQ,115.35,-0.25,10095.13,3.62,4.17
EQUITASBNK,EQ,74.47,-0.07,8518.86,5.6,4.14
HIRECT,EQ,1249,-0.56,4293.09,0.33,4.12
CCL,EQ,1134.2,0.07,15144.74,0.36,4.12
TIRUMALCHM,EQ,153.85,-3.64,1854.7,2.64,4.11
PARKHOSPS,EQ,276.95,-1.56,11962.33,1.46,4.09
AARTIDRUGS,EQ,410.55,-1.39,3747.09,0.99,4.09
CEIGALL,EQ,317.6,-0.25,5532.75,1.29,4.09
CEINSYS,EQ,788.6,-3.56,1651.14,0.51,4.09
RAYMONDREL,EQ,574.7,-0.54,3825.99,0.71,4.07
POWERICA,EQ,558.5,1.55,7067.92,0.73,4.05
NGLFINE,EQ,3222,-6.72,1990.56,0.12,4.04
GUJALKALI,EQ,691.6,-0.95,5078.9,0.58,4.02
CENTRALBK,EQ,31.17,-0.73,28213.22,12.86,4.01
OSWALSEEDS,EQ,13.93,14.65,127.42,28.63,4.01
GIPCL,EQ,173.45,-1.32,2692.22,2.29,3.99
APLLTD,EQ,819.5,-1.41,16108.35,0.49,3.98
SHAREINDIA,EQ,174.86,0.22,3803.07,2.27,3.97
CREDITACC,EQ,1534.2,-0.98,24610.31,0.26,3.96
TRIDENT,EQ,24.46,0.49,12464.71,16.18,3.95
THOMASCOTT,EQ,319.3,-7.96,468.43,1.23,3.95
VIPIND,EQ,299.6,-0.07,4255.87,1.33,3.94
ERIS,EQ,1342,-1.21,18597.88,0.29,3.93
EMBDL,EQ,61.51,-0.18,8553.79,6.43,3.93
MAHLOG,EQ,402,-0.86,3988.74,0.98,3.93
MARSONS,EQ,105.45,0.89,1814.79,3.69,3.91
ASHOKA,EQ,111.65,-0.66,3134.27,3.5,3.9
KIRLOSBROS,EQ,1943,1.97,15429.15,0.2,3.9
GENESYS-RE,BE,110,-7.68,275.72,3.53,3.87
JINDALPOLY,EQ,661.25,3.92,2895.38,0.58,3.87
GAEL,EQ,171.68,-0.65,7874.46,2.26,3.86
RTNPOWER,EQ,8.32,-1.54,4467.93,46.06,3.85
ARTEMISMED,EQ,314.75,0,4981.66,1.21,3.84
ITDC,EQ,699.35,0.37,5998.28,0.55,3.84
METROPOLIS,EQ,549.5,0.73,11394.92,0.7,3.84
SURYAROSNI,EQ,221.44,-0.69,4819.33,1.73,3.83
JINDWORLD,EQ,35.26,0,3535.17,10.84,3.83
NEPHROPLUS,EQ,702.2,0.79,7061.25,0.55,3.81
HLEGLAS,EQ,316.55,-3.4,2198.59,1.18,3.81
ADVAIT,EQ,2072,-1.11,2267.39,0.18,3.81
JKIL,EQ,505.05,1.49,3821.49,0.75,3.78
IVALUE,EQ,280.95,0.77,1534.84,1.35,3.77
RAILTEL,EQ,278.55,-1.28,8939.74,1.35,3.77
SMARTWORKS,EQ,493.4,0.95,5637.69,0.76,3.76
BIRET,RR,345.37,0.09,28661.6,1.09,3.75
MAFANG,EQ,211.42,1.94,5228.49,1.77,3.75
SPAL,EQ,956,2,2403.28,0.39,3.73
AAVAS,EQ,1388.3,-0.65,11007.83,0.27,3.73
LUXIND,EQ,1205.4,1.46,3624.84,0.31,3.72
BIRLACABLE,BE,279.9,-2.96,839.7,1.32,3.72
TVSSCS,EQ,120.79,-2.11,5329.01,3.05,3.71
FINOPB,EQ,146.18,-2.7,1216.49,2.52,3.71
AEROENTER,EQ,127,-0.74,1437.19,2.89,3.7
IOB,EQ,33.25,-1.01,64028.16,11.1,3.7
JUSTDIAL,EQ,676.6,-0.65,5754.42,0.54,3.68
KANPRPLA,EQ,263.9,5.06,646,1.38,3.66
EXICOM,EQ,147.27,-2.98,2048.23,2.48,3.66
JAIBALAJI,EQ,68.91,-2.39,6286.36,5.24,3.66
VPRPL,EQ,34.94,6.33,435.51,10.51,3.65
BLSE,EQ,311.7,-0.81,2832,1.17,3.65
SHRIRAMPPS,EQ,75.68,-3.11,1291.51,4.78,3.64
GMRP&UI,EQ,96.85,-0.23,7564.15,3.74,3.62
GOLDBETA,EQ,128.65,1.02,4432.87,2.81,3.61
PNCINFRA,EQ,213.54,-2.01,5478.14,1.68,3.6
TIL,BE,234.85,-1.72,1931.57,1.49,3.58
ACI,EQ,512.55,1.84,6327.86,0.7,3.57
CIEINDIA,EQ,408.6,0.21,15500.75,0.87,3.54
HIMATSEIDE,EQ,70.73,-3.04,889.38,4.96,3.54
SIS,EQ,424.8,-1.13,6002.46,0.82,3.49
ANUP,EQ,1864.2,0.62,3734.27,0.19,3.49
ARIES,EQ,422.05,2.07,548.85,0.82,3.48
SIRCA,EQ,425.5,-0.33,2416.53,0.82,3.47
MEDPLUS,EQ,656.1,-1.92,7882.19,0.52,3.46
SILVER1,EQ,22.75,1.43,3734.68,15.15,3.44
EMSLIMITED,EQ,360.35,-0.65,2001.05,0.95,3.43
BBTC,EQ,1464.9,-0.22,10220.89,0.23,3.4
UDS,EQ,211.33,-0.08,1414.92,1.6,3.38
EPACK,EQ,213.2,-1.05,2051.59,1.58,3.38
IRISDOREME,EQ,58.75,1.42,1118.2,5.71,3.36
JKLAKSHMI,EQ,557,1.45,6914.84,0.61,3.36
LANDMARK,EQ,508.05,-0.7,2106.62,0.66,3.35
AWFIS,EQ,269.2,0.99,1926.48,1.24,3.34
SHK,EQ,165.3,-3.17,2288.1,2.01,3.34
MAGADSUGAR,EQ,575.15,5.86,810.48,0.59,3.34
MBEL,EQ,278.35,2.94,1590.72,1.2,3.34
KOPRAN,BE,199.71,5,964.35,1.68,3.33
CONFIPET,EQ,71.73,-0.36,2383.17,4.62,3.33
KAPSTON,EQ,564.15,-4.12,1716.83,0.58,3.32
RANEHOLDIN,EQ,1640,-2.05,2341.56,0.2,3.3
VRLLOG,EQ,295,-0.44,5160.64,1.11,3.3
ELITECON,EQ,17.12,-0.29,2736.63,18.97,3.29
SURYODAY,EQ,150.96,-0.72,1604.55,2.18,3.29
ESABINDIA,EQ,6251.5,0.31,9622.95,0.05,3.29
ORISSAMINE,EQ,4856.5,-0.54,2913.9,0.07,3.28
SHARDACROP,EQ,782.35,-0.52,7058.4,0.42,3.27
SGMART,EQ,738.25,0.33,9304.55,0.44,3.27
OPTIVALUE,ST,185.25,4.99,433.7,1.76,3.26
WHEELS,EQ,1424,-0.81,3479.26,0.23,3.25
AUTOBEES,EQ,303.53,0.2,504.09,1.07,3.24
VIKRAN,EQ,61.9,-0.51,1596.47,5.22,3.23
ESCONET,SM,200.1,-6.19,264.06,1.5,3.22
NILKAMAL,EQ,1808.4,-2.77,2698.59,0.18,3.22
RAMCOIND,EQ,353.35,-1.01,3068.55,0.91,3.21
SETFNN50,EQ,797.9,-0.22,3084.48,0.4,3.19
ISGEC,EQ,725,-0.98,5330.89,0.44,3.18
RELTD,EQ,158.75,-3.61,3151.97,2,3.17
RAMCOSYS,EQ,594.45,-0.21,2234.93,0.53,3.16
WINDLAS,EQ,951.55,0.22,1963.64,0.33,3.15
MANINFRA,EQ,106,-0.14,4278.86,2.97,3.15
OPTIMYSTIX,ST,182.5,-3.44,424.66,1.67,3.14
BHARATSE,EQ,238.19,-3.98,1495.83,1.3,3.14
ELECTCAST,EQ,70.97,0.33,4387.26,4.43,3.14
VSTTILLERS,EQ,4549.8,0.85,3936.83,0.07,3.14
GKENERGY,EQ,125.11,-1.98,2537.45,2.49,3.14
GOLDADD,EQ,148.69,1.1,2680.62,2.11,3.13
PIXTRANS,EQ,1936.8,2.11,2638.93,0.16,3.12
ADVENZYMES,EQ,306.05,0.58,3427.03,1.03,3.12
KECL,EQ,137.79,-4.02,915.12,2.24,3.12
WANBURY,EQ,255,-2.43,890.95,1.21,3.11
EUROPRATIK,EQ,282.9,-1.57,2891.24,1.1,3.11
UNIVASTU,BE,168.72,5,607.17,1.85,3.11
UBL,EQ,1373,-0.26,36302.83,0.23,3.11
PFOCUS,EQ,269,-0.22,20887.6,1.15,3.11
VINATIORGA,EQ,1337.2,-0.08,13862.17,0.23,3.11
JISLJALEQS,EQ,26.9,1.55,1922.3,11.59,3.09
DOMS,EQ,2209.4,-0.29,13408.48,0.14,3.09
FLAIR,EQ,254.9,0.39,2686.53,1.21,3.08
SKFINDUS,EQ,2732.3,2.54,13507.93,0.11,3.08
EIHOTEL,EQ,297.6,-0.92,18610.84,1.03,3.07
IONEXCHANG,EQ,372.3,-0.17,5460.4,0.83,3.07
FERMENTA,EQ,440.75,-2.07,1297.17,0.69,3.06
SPLPETRO,EQ,719,-1.04,13520.17,0.43,3.06
ICEMAKE,EQ,721.5,-4.01,1138.51,0.42,3.05
MPSLTD,EQ,2801.1,-0.27,4791.51,0.11,3.05
SMSPHARMA,EQ,356.9,-1.23,3342.44,0.85,3.05
IXIGO,EQ,172.17,-1.07,7593.46,1.77,3.04
WHIRLPOOL,EQ,777.85,-0.13,9868.73,0.39,3.03
DICIND,EQ,592.9,4.15,544.22,0.5,3.02
HARIOMPIPE,EQ,345.95,-1.69,1071.31,0.87,3.02
DCXINDIA,EQ,174.75,-0.82,1946.48,1.72,3.02
GANESHCP,EQ,162.17,1.02,655.38,1.85,3
STARCEMENT,EQ,201.91,0.92,8327.35,1.48,2.99
NEXT50IETF,EQ,78.68,0.13,2724.03,3.81,2.99
NETWORK18,EQ,28.95,-0.21,4464.09,10.25,2.99
HEMIPROP,EQ,135.3,2.24,3856.05,2.2,2.99
RCF,EQ,123.1,-0.77,6791.28,2.42,2.98
MUKKA,EQ,27.48,3.7,824.4,10.87,2.98
LTFOODS,EQ,419.95,0.04,14582.89,0.71,2.96
NITCO,EQ,92.03,-1.32,2213.93,3.23,2.95
SANOFI,EQ,3198,-1.38,7365.19,0.09,2.93
JARO,EQ,439.25,-3.13,978.23,0.66,2.92
KRT,RR,115.81,-0.15,51354.78,2.51,2.91
KOLTEPATIL,EQ,473.25,-0.93,4196.79,0.61,2.9
SEIL,EQ,208.36,-2.05,3354.6,1.4,2.9
HINDOILEXP,EQ,152.33,0.15,2014.46,1.89,2.89
SURAJEST,EQ,211.35,-1.39,1009.69,1.35,2.88
SML100CASE,EQ,11.24,0.27,96.25,25.55,2.86
VIDYAWIRES,EQ,88.9,-0.61,1890.83,3.22,2.86
CRAMC,EQ,252.15,-1.58,5028.31,1.13,2.86
VIMTALABS,EQ,612.95,-0.66,2739.08,0.46,2.85
VTL,EQ,596.45,0.99,17265.78,0.48,2.84
ALPHA,EQ,54.01,0.07,902.11,5.25,2.83
MUTHOOTMF,EQ,207.38,-0.49,3535.67,1.36,2.83
NITINSPIN,EQ,551.15,-0.33,3098.57,0.51,2.82
SRM,EQ,473.55,-2.1,1086.52,0.59,2.82
GHCL,EQ,432.55,0.83,3985.11,0.65,2.82
RITES,EQ,219.14,-0.87,10531.95,1.28,2.82
FINPIPE,EQ,158.12,-0.7,9810.98,1.78,2.82
RMDRIP,BE,17.43,-1.25,746.4,16.17,2.81
CAMPUS,EQ,217,-0.64,6633.25,1.29,2.81
BAJAJELEC,EQ,359.95,-0.68,4153.56,0.78,2.8
KRSNAA,EQ,552.95,-3.88,1793.7,0.5,2.8
SILVERBETA,EQ,226.35,1.37,1491.49,1.24,2.8
GREENPANEL,EQ,168.69,-3.35,2068.6,1.64,2.8
DDEVPLSTIK,EQ,270,-2.51,2793.87,1.02,2.79
GODIGIT,EQ,256.75,-1.12,23742.64,1.09,2.78
SWARAJ,EQ,367.55,-0.62,971,0.75,2.77
INNOVACAP,EQ,1039.8,0.37,5950.25,0.26,2.76
GEOJITFSL,EQ,79.92,-0.56,2230.74,3.44,2.75
QUADFUTURE,EQ,354.6,-1.62,1418.4,0.77,2.74
METALIC,SM,127,1.72,304.6,2.16,2.73
BOSCH-HCIL,EQ,1655.2,0.06,4500.64,0.17,2.73
CUBEINVIT,IV,160.47,0.8,21568.29,1.71,2.73
GARUDA,EQ,183,-0.02,1702.66,1.48,2.71
ZYDUSWELL,EQ,504.3,-1.18,16044.85,0.54,2.71
DBL,EQ,412.75,0.1,6704.91,0.66,2.71
RAMRAT,EQ,461.8,-2.79,4310.86,0.58,2.71
LAXMIINDIA,EQ,125,0.5,654.91,2.12,2.7
TEJASCARGO,SM,406.35,-3.31,970.89,0.66,2.69
INDRAMEDCO,EQ,370.05,-0.9,3392.36,0.72,2.68
ARIS,EQ,133.17,-0.69,1089.25,2.01,2.68
MONTECARLO,EQ,520.8,2.44,1079.73,0.51,2.67
PATELENG,EQ,28.21,-0.84,2798.83,9.39,2.65
CSBBANK,EQ,319.45,-0.11,5542,0.83,2.65
INTERARCH,EQ,1740,0.22,2918.3,0.15,2.64
THOMASCOOK,EQ,103.79,-1.97,4882.08,2.52,2.64
AYE,EQ,170.63,-1.27,4210.88,1.54,2.64
HOMEFIRST,EQ,1182.1,0.48,12356.94,0.22,2.63
TCPLPACK,EQ,4040.1,-1.19,3676.49,0.06,2.62
VIVIDEL,ST,1645,4.99,1462.04,0.16,2.62
JTLIND,EQ,74.73,-0.68,2937.5,3.49,2.61
TEJA,SM,433.5,-20,278.19,0.56,2.61
NXST,RR,169.05,0.61,25611.08,1.54,2.6
PRUDENT,EQ,3342.2,2.61,13838.94,0.08,2.6
SOLARA,EQ,506.8,-1.07,2422.12,0.51,2.59
STOVEKRAFT,EQ,744.2,-0.87,2463.85,0.35,2.58
PSPPROJECT,EQ,939.75,1.88,3725.34,0.28,2.57
RPEL,EQ,1408.9,-1.74,6469.94,0.18,2.56
EPIGRAL,EQ,1110.2,1.07,4789.55,0.23,2.56
MACPOWER,EQ,1738,-0.65,1738.72,0.15,2.56
TVSHLTD,EQ,14047,0.38,28420.04,0.02,2.55
SBFC,EQ,93.02,-1.1,10300.17,2.73,2.55
ASAL,EQ,509.05,1.99,807.58,0.5,2.54
CRISIL,EQ,4439.2,-0.82,32463.88,0.06,2.52
AGL,EQ,14.02,-5.97,1377.86,17.76,2.52
SKMEGGPROD,EQ,254.71,-1.85,1341.3,0.98,2.52
HNGSNGBEES,EQ,485.7,0.63,1145.61,0.52,2.5
DATAMATICS,EQ,856.1,-1.17,5060.1,0.29,2.49
GOPAL,EQ,271.5,-0.24,3384.7,0.91,2.49
SIGACHI,EQ,26.37,-3.34,1007.64,9.29,2.48
CENTENKA,EQ,564,-0.9,1232.37,0.43,2.47
HATSUN,EQ,968.2,-1.28,21566.49,0.25,2.46
BASILIC,SM,167.75,-16.52,423.82,1.41,2.46
KAYA,EQ,328.7,10.73,499.22,0.77,2.46
ALEMBICLTD,EQ,88.37,1.75,2269.18,2.78,2.45
INDIASHLTR,EQ,663.25,-1.11,7219.78,0.37,2.45
20MICRONS,EQ,196.07,2.71,691.86,1.26,2.44
ADOR,EQ,1530.1,-0.55,2662.8,0.16,2.43
GODAVARIB,EQ,244.95,-0.93,1253.56,0.99,2.42
KNAGRI,EQ,219.97,-2.63,549.9,1.09,2.41
JAYKAY,EQ,148.8,-4.54,1938.67,1.58,2.4
INDIACEM,EQ,376.95,0.44,11681.57,0.64,2.4
PRINCEPIPE,EQ,282,-0.7,3117.82,0.85,2.4
AMANTA,BE,164.14,5,637.34,1.51,2.4
AASTHA,EQ,73.19,-1.51,323.08,3.28,2.4
SALASAR,EQ,6.07,1.85,1061.01,39.86,2.4
JUBLCPL,EQ,2333.1,-3.09,3535.23,0.1,2.39
LUMAXIND,EQ,5796,-0.01,5417.95,0.04,2.39
PATILAUTOM,SM,236.5,10.41,516.06,1.03,2.36
MIDCAPETF,EQ,23.92,-0.25,1843.08,9.83,2.35
UCOBANK,EQ,25.9,-0.38,32477.46,9.07,2.35
IGARASHI,EQ,456.35,-0.15,1436.36,0.51,2.33
NACLIND,EQ,167.73,0.71,3928.96,1.39,2.33
FRONTSP,EQ,1302,-2.13,1538.38,0.18,2.32
C2C,SM,242.6,-4.32,411.65,0.95,2.32
DBOL,EQ,121.2,1.17,804.62,1.9,2.31
MANALIPETC,EQ,68.5,-1.11,1178.19,3.3,2.28
NILASPACES,EQ,12.98,5.44,511.27,17.33,2.27
BUILDPRO,EQ,1242.5,-0.49,3012.98,0.18,2.27
DPEL,SM,592,3.97,1477.93,0.39,2.26
JYOTISTRUC,EQ,10.62,0,1267.67,21.11,2.24
ARSSBL,EQ,508.65,0.09,3207.87,0.44,2.24
SUBEXLTD,EQ,14.1,1.59,792.42,15.7,2.23
LAXMIDENTL,EQ,199.59,-1.1,1096.99,1.1,2.23
VENKEYS,EQ,1536.1,0.53,2163.96,0.14,2.23
SCPL,EQ,646.6,-0.99,678.93,0.34,2.22
POKARNA,EQ,940,-1.3,2914.38,0.24,2.22
REGAAL,EQ,87.25,1.45,898.62,2.6,2.21
NUVOCO,EQ,328.9,-0.8,11746.87,0.67,2.21
MAHSEAMLES,EQ,612,-0.07,8200.75,0.36,2.2
MEDIASSIST,EQ,348.7,0,2604.85,0.63,2.2
IIFLCAPS,EQ,334.55,-0.19,10531.85,0.66,2.19
CALSOFT,EQ,25.83,5,90.5,8.72,2.19
SSEGL,SM,331.1,8.74,860.15,0.68,2.18
SUPRAJIT,EQ,524.65,0.01,7197.11,0.42,2.18
RIIT,IV,118.5,-0.33,7110,1.82,2.17
MASTEK,EQ,1809.9,-1.22,5611.13,0.12,2.16
IRBINVIT,IV,64.79,0.57,8303.49,3.31,2.14
CANTABIL,EQ,235.38,-1.01,1968.67,0.9,2.14
CNL,EQ,1256.7,1.1,1887.15,0.17,2.11
XPROINDIA,EQ,1112,1.37,2609.91,0.19,2.11
SEPC,EQ,5.74,-0.52,1102.29,36.82,2.11
GLOBAL,EQ,108,1.48,549.74,1.94,2.1
GROWWDEFNC,EQ,98.65,0.57,367.55,2.11,2.09
BBL,EQ,2292,0.32,2590.68,0.09,2.09
GTLINFRA,EQ,1.21,0,1538.71,173.59,2.08
MOENERGY,EQ,38.6,-0.57,67.63,5.39,2.08
HERITGFOOD,EQ,359.9,0.53,3339.73,0.58,2.08
KOTHARIPET,EQ,134.19,-6.76,789.66,1.53,2.06
GULPOLY,EQ,188.92,0.45,1178.31,1.08,2.06
CLEANMAX,EQ,1237.3,-0.9,14509.96,0.17,2.06
STYL,EQ,398.2,-2.47,6443.11,0.51,2.05
SUNFLAG,EQ,357.65,0.7,6445.55,0.58,2.05
SMALLCAP,EQ,48.4,-0.08,981.45,4.24,2.05
MONOLITH,SM,977,2.82,2123.61,0.21,2.04
FDC,EQ,352.65,-0.44,5741.5,0.58,2.04
JSWDULUX,EQ,3150,-0.55,14345.2,0.06,2.03
SALSTEEL,EQ,71.43,7.54,778.71,2.9,2.03
RAJRATAN,EQ,512.3,-0.68,2601,0.4,2.03
IFBIND,EQ,1381.9,-0.12,5599.29,0.15,2.02
VISHNU,EQ,613,0.81,4126.43,0.33,2
JAYBARMARU,EQ,126.86,-0.78,1373.26,1.57,1.99
HEIDELBERG,EQ,160.84,1.64,3644.85,1.24,1.99
ARROWGREEN,BE,768.65,-5,1159.73,0.26,1.98
GROWWHOSPI,EQ,52.52,-0.74,142.52,3.76,1.98
RESPONIND,EQ,160.75,-3.1,4285.73,1.22,1.96
MMTC,EQ,63.74,-0.95,9561,3.05,1.95
HUHTAMAKI,EQ,275.65,-0.51,2081.76,0.71,1.95
GOKULAGRO,EQ,231.03,-0.27,6817.39,0.84,1.94
STANLEY,EQ,138,1.31,788.33,1.43,1.94
PRSMJOHNSN,EQ,105.46,0.32,5308.4,1.83,1.93
GRINDWELL,EQ,2165.9,-0.07,23980.84,0.09,1.93
ASTRAZEN,EQ,7650,-1.33,19125,0.03,1.93
SILVERAXIS,EQ,233.16,1.4,2088.57,0.83,1.93
TAURIAN,SM,452.1,5.38,401.61,0.43,1.93
ABSMARINE,ST,246.15,4.99,604.3,0.79,1.92
ORIENTELEC,EQ,186.71,-0.32,3983.75,1.03,1.92
RELINFRA,BE,65.78,-2,2687.98,2.89,1.9
NIVABUPA,EQ,83.12,0.48,15370.83,2.27,1.89
MAHLIFE,EQ,376.2,-2.26,8027.12,0.5,1.89
GREENPLY,EQ,284.8,1.37,3557.21,0.66,1.87
FEDDERSHOL,EQ,40.33,-4.39,812.31,4.57,1.86
HDFCBSE500,EQ,37.94,-0.34,100.86,4.9,1.86
AEROPLANE,EQ,184.64,-3.9,1911.98,0.99,1.85
HIKAL,EQ,213.1,-2.24,2627.54,0.87,1.85
GALAPREC,EQ,1023.6,2.3,1311.87,0.18,1.85
SHUKRAPHAR,EQ,43.5,5.02,1912.32,4.27,1.84
EFCIL,EQ,174.72,-2.89,2584.92,1.04,1.83
ASALCBR,EQ,700,-1.95,1405.54,0.26,1.83
HGINFRA,EQ,516,-1.48,3362.83,0.35,1.83
ANONDITA,SM,1083,-3.12,1958.78,0.16,1.82
PGHL,EQ,5873.5,-0.99,9749.65,0.03,1.82
UNIECOM,EQ,85.24,-0.94,957.92,2.15,1.82
SDBL,EQ,73.09,-1.5,1441.89,2.48,1.82
MOREALTY,EQ,90.55,0.98,267.3,2.03,1.81
DPABHUSHAN,EQ,1404,-1.77,3205.04,0.13,1.81
MONARCH,EQ,390.7,0.03,3098.58,0.46,1.81
NIFTYETF,EQ,264.69,-0.38,5504.78,0.68,1.81
TIMKEN,EQ,3255.2,-0.63,24485.2,0.06,1.8
LIQUIDBETF,EQ,1094.91,0.01,591.48,0.16,1.8
REMSONSIND,EQ,81.89,-7.21,285.62,2.18,1.79
GATEWAY,EQ,54.7,-0.29,2733.05,3.25,1.78
PENIND,EQ,152.59,0.1,2059.14,1.16,1.78
HITECH,EQ,78.5,0.36,1594.4,2.27,1.77
VOEPL,EQ,494.3,-2.31,1573.51,0.35,1.76
PHANTOMFX,SM,113.95,-19.98,181.44,1.42,1.76
DIFFNKG,EQ,396.3,1.11,1483.2,0.45,1.75
IITL,EQ,150,1.56,338.21,1.17,1.75
TTML,EQ,38.14,-1.17,7456.09,4.57,1.75
RSL,EQ,164.65,-0.47,1375.94,1.06,1.74
DLINKINDIA,EQ,415,-1.3,1473.45,0.42,1.74
CARRARO,EQ,508.45,-1.2,2890.62,0.34,1.74
INA,EQ,98.66,-0.36,2174.95,1.76,1.73
GULFOILLUB,EQ,1167.6,0.72,5786.1,0.15,1.73
INDOTECH,EQ,3493.6,-1.81,3710.2,0.05,1.73
TTKHLTCARE,EQ,1157.7,0,1635.87,0.15,1.73
KOVAI,EQ,5981.5,-0.94,6545.11,0.03,1.71
PVTBANIETF,EQ,27.58,-0.11,3976.18,6.19,1.71
RACLGEAR,EQ,1362.6,-1.78,1606.24,0.12,1.7
GROWWSLVR,EQ,22.98,1.41,324.92,7.42,1.7
UTKARSHBNK,EQ,13.94,-0.71,2480.66,12.08,1.68
JASH,EQ,481.7,-1.7,3044.04,0.35,1.68
LIBERTSHOE,EQ,243,1.8,414.07,0.69,1.68
SPIC,EQ,66.48,-1.77,1353.8,2.51,1.68
HEXT,EQ,562.35,-1.32,34360.48,0.3,1.68
MAITHANALL,EQ,975.8,0.47,2840.71,0.17,1.68
SWARAJENG,EQ,3635.9,-0.06,4417.57,0.05,1.67
NESCO,EQ,1035.9,-0.2,7298.95,0.16,1.67
KSL,EQ,828.7,-1.22,3617.53,0.2,1.66
ZTECH,SM,495.25,-6.29,731.21,0.32,1.65
KRMAYURVED,SM,274.9,-2.81,584.46,0.59,1.65
ONEPOINT,EQ,57.16,-2.09,1502.95,2.87,1.65
ORKLAINDIA,EQ,543.85,-1.07,7450.16,0.3,1.64
MOLDTKPAC,EQ,680.95,-1.94,2262.72,0.24,1.64
CERA,EQ,5789.5,-1.4,7467.03,0.03,1.64
NIITLTD,EQ,95.95,0.42,1313,1.69,1.63
NOCIL,EQ,163.45,1.26,2730.02,1,1.63
SILVERAG,EQ,228.22,1.44,1200.96,0.72,1.63
JUNIPER,EQ,192.04,-0.49,4272.94,0.85,1.63
JAICORPLTD,EQ,100.77,0.14,1768.56,1.6,1.62
UNICHEMLAB,EQ,533.55,-1.23,3756.5,0.3,1.61
MMP,EQ,341.85,1.29,868.39,0.46,1.59
SGBSEP31II,GB,15320,0.17,17884.51,0.01,1.58
DCI,EQ,380,4.08,623.2,0.44,1.58
GLOBUSSPR,EQ,876.9,0.67,2758.84,0.18,1.58
BIKAJI,EQ,612.95,-0.06,15368.89,0.26,1.58
VESUVIUS,EQ,439.25,1.78,8915.05,0.36,1.58
PLAZACABLE,EQ,53.57,-4.98,234.38,2.81,1.58
UTIAMC,EQ,905.7,-0.26,11641.76,0.17,1.57
REDTAPE,EQ,121.77,-0.34,6731.54,1.3,1.57
KIOCL,EQ,386.45,-0.8,23486.54,0.41,1.57
KSB,EQ,788.4,-1.6,13721.25,0.2,1.57
AJMERA,EQ,117.64,-0.5,2315.1,1.33,1.56
MANAKCOAT,EQ,117.21,0.74,1240.48,1.34,1.56
E2ERAIL,SM,270,1.29,465.95,0.57,1.55
OPTIEMUS,EQ,557.5,-0.64,4944.4,0.28,1.54
LTGILTBEES,EQ,30.05,-0.23,2464.91,5.09,1.53
CAPACITE,EQ,212,-1.18,1793.61,0.72,1.53
SOUTHWEST,EQ,226.63,2.9,676.04,0.68,1.53
INFOBEAN,EQ,160.3,-1.29,1564.87,0.95,1.53
PURPLEUTED,ST,370.45,4.99,356,0.41,1.52
SASKEN,EQ,1924.3,-2.39,2922.33,0.08,1.51
SPANDANA,EQ,245.7,-0.04,1751.97,0.62,1.51
GANESHHOU,EQ,830.8,-0.57,6927.8,0.18,1.51
METROGLOBL,EQ,157.4,7.73,194.14,0.95,1.51
DCW,EQ,44.4,0.79,1310.49,3.39,1.5
AMBALALSA,EQ,45.9,8.59,351.75,3.29,1.5
BHARATWIRE,EQ,191.16,1.68,1314.86,0.79,1.5
TIRUPATIFL,BE,64.99,-1.29,839.61,2.32,1.5
LAOPALA,EQ,191.77,-0.38,2128.65,0.78,1.49
DIGITIDE,EQ,97.23,-2.86,1449.8,1.53,1.49
VMART,EQ,792.9,-1.81,6307.36,0.19,1.49
HPL,EQ,315,-0.77,2025.47,0.47,1.49
MAXVOLT,SM,344.8,3.39,375.97,0.43,1.49
BANKIETF,EQ,58.98,-0.41,3054.23,2.5,1.47
INFLUX,SM,294,2.67,680.62,0.5,1.47
PAUSHAKLTD,EQ,731.85,-1.21,1804.52,0.2,1.47
DODLA,EQ,1091.3,-1.63,6583.57,0.13,1.46
DOLATALGO,EQ,70.91,2.18,1248.02,2.03,1.45
WESTLIFE,EQ,578.75,-0.71,9007.89,0.25,1.45
SARTELE,SM,101.8,-5.96,510.5,1.39,1.44
SAKSOFT,EQ,164.21,-0.91,2176.62,0.88,1.44
MANCREDIT,EQ,233.57,-1.89,493.16,0.61,1.43
SHARDAMOTR,EQ,905.95,0.86,5200.85,0.16,1.43
BFINVEST,EQ,466.75,0.71,1758.14,0.31,1.43
GATECH,BE,0.79,3.95,87.12,182.62,1.42
EBBETF0430,EQ,1611.2,-0.17,25011.34,0.09,1.41
SGBDE31III,GB,15350,0.29,18583.95,0.01,1.39
KALAMANDIR,EQ,86.41,-0.72,1325.24,1.6,1.39
MIIL,EQ,700,2.73,1520.66,0.2,1.39
ALPINETEX,EQ,55.97,-4.49,214.07,2.45,1.38
SPECTRUM,BE,2125.1,-5,3339.35,0.06,1.37
FISCHER,EQ,37.28,-3.52,2417.67,3.75,1.37
AWHCL,EQ,385.4,-1.26,1093.85,0.35,1.37
FOSECOIND,EQ,5628,-0.48,4241.97,0.02,1.37
BLUECLOUDS,EQ,22.16,-1.86,2045.55,6.1,1.36
RATNAMANI,EQ,2327,-1.06,16310.41,0.06,1.36
WENDT,EQ,8047,1.45,1609.4,0.02,1.36
BAGMANE,RR,107.89,0.16,36682.6,1.26,1.36
GARFIBRES,EQ,740.7,-1.96,7232.81,0.18,1.35
DAMCAPITAL,EQ,143.96,-0.94,1017.6,0.94,1.35
JEYYAM,ST,22.8,-4.8,108.29,5.86,1.35
BOROLTD,EQ,230.78,-3.26,2759.84,0.58,1.34
GOCLCORP,EQ,401.6,1.13,1990.83,0.33,1.34
CRIZAC,EQ,177.1,-1.24,3098.94,0.75,1.34
ARKADE,EQ,130.8,-1.9,2428.48,1.02,1.34
KILITCH,BE,173.95,-4.24,608.16,0.77,1.34
CENTURYPLY,EQ,750.95,-0.74,16684.08,0.18,1.33
EMUDHRA,EQ,515.85,-0.57,4271.84,0.26,1.33
RSYSTEMS,EQ,241.3,-0.21,2859.23,0.55,1.33
GSPCROP,EQ,588,-1.38,2735.3,0.22,1.32
TSFINV,EQ,415.6,0.04,9230.64,0.32,1.32
ALOKINDS,EQ,11.51,-0.95,5714.99,11.44,1.32
VEEDOL,EQ,1517.3,0.29,2643.74,0.09,1.31
BLUEDART,EQ,5115.5,-0.5,12138.02,0.03,1.31
ORIENTCEM,EQ,130.86,-1.27,2688.65,0.99,1.3
REMUS,SM,915,1.97,1078.24,0.14,1.3
GROWWGOLD,EQ,14.93,1.08,469.94,8.69,1.3
JAGSNPHARM,EQ,232.59,2.67,1533.45,0.56,1.3
ELANTAS,EQ,11831.5,0.2,9379.64,0.01,1.3
BFUTILITIE,EQ,536.05,0.46,2019.17,0.24,1.29
AMRUTANJAN,EQ,489.45,-1.33,1415.03,0.26,1.29
ESSARSHPNG,EQ,15.99,-8.58,330.95,7.84,1.29
CANHLIFE,EQ,148.7,-0.01,14126.5,0.87,1.29
METAL,EQ,13.12,0,537.6,9.78,1.28
NIITMTS,EQ,239.7,-0.52,3307.93,0.53,1.28
NFL,EQ,71.31,-0.7,3498.31,1.78,1.27
BOMDYEING,EQ,113.44,-0.84,2342.93,1.11,1.26
QLINE,SM,528.5,-0.81,1232.9,0.24,1.26
PSB,EQ,23.28,-1.31,16518.52,5.41,1.26
CENTEXT,EQ,22,3.33,176,5.75,1.26
JTEKTINDIA,EQ,131.06,-0.49,3634.48,0.96,1.26
RADHIKAJWE,EQ,67.7,-2.29,798.86,1.84,1.26
ITI,EQ,275.3,-0.52,26453.22,0.46,1.26
LOWVOL1,EQ,21.51,-0.32,286.53,5.83,1.25
INDOBORAX,EQ,422.25,-0.73,1355,0.3,1.25
DOLLAR,EQ,268.25,-1.92,1521.41,0.46,1.25
ACCENTMIC,SM,575.1,-1.36,1379.61,0.21,1.25
TAJGVK,EQ,336.9,-1.39,2112.41,0.37,1.25
ADFFOODS,EQ,263.3,0.32,2892.71,0.48,1.25
TAC,ST,447,-3.38,939.87,0.28,1.25
IMAGICAA,EQ,46.82,-1.76,2649.36,2.64,1.25
GALLANTT,EQ,579.65,-0.41,13985.85,0.21,1.24
RTNINDIA,EQ,30.27,0.73,4184.13,4.12,1.24
QMSMEDI,EQ,135,2.33,261.06,0.91,1.23
DCMSIL,EQ,75.54,-8.28,657.14,1.61,1.23
SIMPLEXINF,EQ,251.01,0.36,1985.37,0.49,1.23
SWELECTES,EQ,622.3,0.9,943.33,0.2,1.22
HNDFDS,EQ,598,1.12,7245.53,0.2,1.21
BAJEL,EQ,185.46,-1.53,2145.72,0.65,1.2
CORONA,EQ,2118.2,-0.88,12954.93,0.06,1.2
SUNTECK,EQ,296.75,-0.77,4357.54,0.4,1.2
SYMPHONY,EQ,619.45,-0.3,4253.85,0.19,1.19
PARKHOTELS,EQ,116.25,-1.23,2480.48,1.03,1.19
ATALREAL,EQ,35.96,-0.47,445.53,3.3,1.19
ANNAPURNA,EQ,158.55,3.9,345.96,0.75,1.19
CHANDAN,SM,248,0,606.41,0.47,1.19
KIRLOSIND,EQ,3825,1.88,4019.83,0.03,1.18
INDUSINVIT,IV,134,0.6,8187.48,0.88,1.18
BAJAJHCARE,EQ,323.9,-1.62,1090.33,0.36,1.18
SULA,EQ,149.27,-0.44,1260.54,0.79,1.18
PDSL,EQ,370.8,0.26,5244.67,0.32,1.18
SREEL,EQ,252,4.64,583.51,0.46,1.17
IKIO,EQ,203.3,-0.81,1571.12,0.57,1.17
DELTACORP,EQ,60.35,0.52,1616,1.93,1.17
NDRAUTO,EQ,801.1,-1.95,1905.44,0.14,1.16
IRMENERGY,EQ,294.05,-0.03,1207.36,0.39,1.16
GNRL,EQ,106.1,-4.71,1362.35,1.08,1.16
EXCELSOFT,EQ,74,0.05,851.62,1.57,1.16
MOM100,EQ,68.75,-0.16,909.42,1.68,1.15
MOMENTUM50,EQ,54.24,-0.31,387.46,2.12,1.15
SERVOTECH,EQ,82.11,-0.81,1854.42,1.4,1.15
GROWWPOWER,EQ,11.49,0,276.37,10.01,1.15
VERTIS,IV,113,-2.59,17062.82,1,1.14
KOHINOOR,EQ,27.98,0.94,103.73,4.1,1.14
TGVSL,EQ,107.55,1.18,1151.75,1.04,1.14
MSPL,EQ,33.75,0.81,1912.94,3.38,1.13
LINCOLN,EQ,619.05,0.92,1239.94,0.18,1.13
VALIANTORG,BE,308.3,-4.99,864.31,0.36,1.12
GROWWEV,EQ,34.1,-0.29,309.87,3.29,1.12
754GS2036,GS,107,-0.16,159430,1.04,1.11
STEELXIND,EQ,10.82,-0.46,1380.11,10.15,1.11
SPMLINFRA,EQ,188.59,-1.03,1586.98,0.59,1.11
MOM30IETF,EQ,31.63,-0.06,554.26,3.51,1.11
RPGLIFE,EQ,2762.3,-0.72,4568.57,0.04,1.11
FREDUN,EQ,1483,-4.19,2452.6,0.07,1.1
IPL,EQ,140.9,0.27,1622.65,0.78,1.1
BAHETI,SM,791,0.64,826.35,0.14,1.1
ORIENTTECH,EQ,255.95,-1.01,1172.4,0.43,1.09
LGBBROSLTD,EQ,1597.8,0.07,5095.77,0.07,1.09
BLUSPRING,EQ,109.5,-1.41,1636.38,0.99,1.09
SJLOGISTIC,SM,323,2.13,493.97,0.34,1.09
CAPINVIT,IV,77.19,0.49,3794.29,1.41,1.09
ETHOSLTD,EQ,2736.8,-0.39,7323.05,0.04,1.09
GILT5YBEES,EQ,66.25,-0.42,264.7,1.64,1.08
SAIPARENT,EQ,555.85,0.76,2455.7,0.2,1.08
ULTRAMAR,EQ,400.6,0.6,1169.75,0.27,1.08
DANISH,SM,790,3.52,1555.64,0.14,1.08
WAAREEINDO,EQ,296.95,-0.1,1235.42,0.36,1.08
HATHWAY,EQ,10.56,-0.38,1869.23,10.15,1.08
FELIX,SM,185,-2.94,318.32,0.58,1.07
KAMAHOLD,EQ,2462.4,0.53,7901.98,0.04,1.06
MAHSCOOTER,EQ,13338,0.06,15243.42,0.01,1.06
GREENPOWER,EQ,9.4,-1.36,1102.65,11.2,1.05
MOSMALL250,EQ,18.35,-0.43,252.5,5.69,1.04
GOCOLORS,EQ,330.45,0.9,1738.03,0.32,1.04
PRAVEG,EQ,258.8,-4.04,676.52,0.4,1.04
WOMANCART,SM,101,-0.79,82.95,0.99,1.04
LOWVOLIETF,EQ,22.51,-0.35,3456.26,4.61,1.04
SUBROS,EQ,754.4,-0.51,4921.38,0.14,1.03
STEELCAS,EQ,346.7,-1.46,3508.6,0.29,1.03
TCI,EQ,906.25,-0.98,6962.82,0.11,1.03
CENTRUM,EQ,24.17,-6.21,1176.67,4.22,1.03
KANSAINER,EQ,205.95,0.59,16656.8,0.5,1.03
SALZERELEC,EQ,570,-0.04,1007.92,0.18,1.02
KELLTONTEC,EQ,13.47,-1.75,710.95,7.56,1.02
SGBFEB32IV,GB,15470,0.67,19781.21,0.01,1.02
RIIL,EQ,738.3,-0.71,1114.83,0.14,1.01
MARKOLINES,EQ,175.39,0.15,389.43,0.58,1.01
MGSL,SM,88.5,13.61,129.05,1.16,1.01
RAMBHAJO,EQ,181.55,2.11,831.68,0.56,1
MAHKTECH,EQ,23.49,0.34,455.03,4.26,1
METROBRAND,EQ,944.3,0.02,25738.35,0.11,1
MIDCAPIETF,EQ,24.25,-0.33,785.05,4.11,1
ZUARI,EQ,219.03,-0.7,921.2,0.45,1
TIGERLOGS,EQ,26.77,5.15,283.03,3.86,0.99
MODINATUR,BE,380.65,-4.99,506.51,0.26,0.98
NIFTYBETA,EQ,269.54,-0.35,73533.27,0.36,0.98
SAFARI,EQ,1485,-0.9,7276.1,0.07,0.98
UFBL,BE,771.5,2.2,3017.93,0.13,0.97
SINGERIND,EQ,80.6,-3.15,501.49,1.21,0.97
DMCC,EQ,298.15,1.36,743.58,0.33,0.97
TCL,SM,140.7,4.88,342.48,0.69,0.97
SGBAUG28V,GB,15150,0.97,9619.92,0.01,0.97
NIFTY1,EQ,270.01,-0.31,3536.18,0.36,0.97
MASTERTR,EQ,78.16,-0.28,961.49,1.22,0.96
VIDHIING,EQ,318.55,2.79,1591,0.3,0.96
AURUM,EQ,222.59,0.96,1699.55,0.43,0.96
5PAISA,EQ,382,-0.47,1790.9,0.25,0.96
3BBLACKBIO,EQ,1164.3,-0.88,999.28,0.08,0.96
LATTEYS,EQ,23.29,13.11,133.91,4.27,0.95
BSLGOLDETF,EQ,134.44,0.94,3061.78,0.71,0.95
INDNIPPON,EQ,1127.6,0.39,2550.79,0.08,0.95
TNPL,EQ,141.75,0.45,981.06,0.67,0.94
SILVERADD,EQ,226.21,1.38,1482.01,0.42,0.94
ROHLTD,EQ,308.8,-1.14,846.89,0.3,0.94
MWL,EQ,41.1,-0.44,1220.7,2.28,0.93
VSTIND,EQ,215.05,-0.18,3652.86,0.43,0.93
MHRIL,EQ,225.46,-0.51,4555.56,0.41,0.93
RPSGVENT,EQ,884.2,-0.67,2925.5,0.1,0.92
PROSTARM,EQ,135.81,1.06,799.58,0.68,0.92
ROTO,EQ,65.75,-0.54,1239.03,1.4,0.92
ITIETF,EQ,34.37,-1.35,570.92,2.68,0.92
DCMSRIND,EQ,43.58,3.17,379.11,2.11,0.91
CSM,EQ,99.77,-0.93,514.85,0.92,0.91
UGROCAP,EQ,92,-1.44,1428.65,0.98,0.91
HDFCNIFTY,EQ,274.11,-0.39,5069.79,0.33,0.91
HONDAPOWER,EQ,2142.2,-0.36,2172.85,0.04,0.9
SETFNIFBK,EQ,590.25,-0.35,3700.86,0.15,0.9
ROSSARI,EQ,496.75,-1.24,2751.7,0.18,0.9
STLNETWORK,EQ,25.25,-2.06,1232.46,3.52,0.9
ELECTHERM,EQ,979,-2.44,1247.52,0.09,0.9
SGBMAY29I,GB,15150.01,0.76,8058.25,0.01,0.9
GENCON,EQ,38.98,-1.59,222.13,2.28,0.9
ZIMLAB,EQ,110.81,3.03,594.59,0.82,0.9
MAXIND,EQ,149.25,-1.24,784.8,0.6,0.89
SCODATUBES,EQ,129.9,-2.5,778.22,0.68,0.89
HDFCNEXT50,EQ,75.99,-0.08,221.3,1.17,0.89
NUCLEUS,EQ,711.55,1.09,1873.18,0.13,0.89
INNOMET,ST,214.4,2,277.44,0.41,0.89
GROWWLIQID,EQ,110.38,0.02,135.99,0.8,0.89
BRIGHOTEL,EQ,60.71,1.76,2306.02,1.45,0.88
DIAMONDYD,EQ,1190.1,-0.11,2845.59,0.07,0.88
SWANDEF,BE,2405,-0.66,12670.06,0.04,0.88
PSUBNKIETF,EQ,87.5,-1.09,128.33,1,0.87
ORIENTHOT,EQ,122,-1.77,2178.91,0.71,0.87
GMBREW,EQ,890.6,-0.46,2034.75,0.1,0.87
LIKHITHA,EQ,206.93,-4.72,816.34,0.41,0.87
JAGRAN,EQ,62.08,-0.61,1351.2,1.39,0.87
CHEMPLASTS,EQ,181.8,-1.25,2874.43,0.47,0.85
EXCELINDUS,EQ,984.45,-2.88,1237.52,0.09,0.85
MAKEINDIA,EQ,168.77,-0.03,266.58,0.5,0.84
JSWHL,EQ,11836,-0.32,13137.52,0.01,0.84
BALAJITELE,EQ,91.67,-0.77,1117.48,0.91,0.84
TVSELECT,EQ,449.2,-0.52,837.77,0.19,0.83
MID150CASE,EQ,11.8,-0.08,268.43,7.06,0.83
PFS,EQ,28.03,-1.13,1800.32,2.93,0.83
VILAS,SM,355,-5.12,869.04,0.23,0.83
BANSALWIRE,EQ,319.6,0.42,5003.53,0.26,0.83
HEXAGON,BE,63.95,-0.05,786.06,1.28,0.82
KRONOX,EQ,150.23,-0.2,557.41,0.55,0.82
ASTEC,EQ,585.9,-1.36,1305.55,0.14,0.82
EKC,EQ,109.91,-0.45,1233.27,0.73,0.81
ASHIANA,EQ,364.65,0.61,3665.64,0.22,0.81
JLHL,EQ,314.05,-0.54,10295.5,0.25,0.8
DHARIWAL,SM,19.15,4.93,180.04,4.35,0.8
NAVKARCORP,EQ,98.8,-0.69,1487.13,0.8,0.79
HEALTHIETF,EQ,168.59,-0.67,229.64,0.47,0.79
BBTCL,EQ,235,-3.94,482.01,0.32,0.79
MCLEODRUSS,EQ,44.63,-3.54,466.19,1.75,0.79
KMSUGAR,EQ,28.77,4.39,264.68,2.79,0.79
GRINFRA,EQ,864.5,-0.94,8364.95,0.09,0.79
AMBIKCO,EQ,1618.3,1.23,926.48,0.05,0.79
GROWWRAIL,EQ,29.04,-0.58,164.45,2.71,0.79
HINDWAREAP,EQ,195.1,-0.19,1631.94,0.4,0.78
BIRLANU,EQ,1560,0.31,1176.38,0.05,0.78
RITCO,EQ,293.55,-0.69,840.22,0.27,0.78
SUNCLAY,EQ,1264,1.13,2786.63,0.06,0.78
PILANIINVS,EQ,4449.8,-2.14,4926.93,0.02,0.78
GEMAROMA,EQ,168.84,0.98,881.97,0.46,0.78
PNBGILTS,EQ,78.86,-0.69,1419.56,0.98,0.77
DEFENCE,EQ,82.53,0.08,162.62,0.93,0.77
PSUBANK,EQ,86.46,-0.89,2654.96,0.89,0.77
RBZJEWEL,EQ,137.15,-2.62,548.6,0.56,0.76
738GS2027,GS,102.25,-0.07,145195,0.75,0.76
APSISAERO,ST,499.8,2,602.36,0.16,0.76
DAVANGERE,EQ,3.1,2.99,443.3,24.92,0.75
MANGLMCEM,EQ,877.65,-2.09,2413.3,0.09,0.75
JITFINFRA,EQ,309.7,-1.49,796.04,0.24,0.75
MAHASTEEL,BE,1090,2.25,1791.35,0.07,0.75
KCP,EQ,152.9,-2.13,1971.2,0.49,0.75
BHARATRAS,EQ,1309.2,0.51,2176.03,0.06,0.75
OILIETF,EQ,11.34,-0.26,313.14,6.57,0.75
CPL,EQ,68.46,0.15,411.98,1.08,0.74
CONTROLPR,EQ,569.2,-2.64,910.39,0.13,0.74
RMC,EQ,264.85,-0.81,280.26,0.28,0.74
INDOAMIN,BE,127.8,-1.69,927.67,0.58,0.74
PIGL,EQ,104.3,-1.94,218.81,0.71,0.74
NAHARINDUS,EQ,118.66,-2.77,512.68,0.61,0.74
PKTEA,EQ,702,3.24,217.33,0.11,0.74
TCIEXP,EQ,560.05,0.04,2151.66,0.13,0.74
TEAMLEASE,EQ,1237.4,-1.4,2074.98,0.06,0.74
FAZE3Q,EQ,488.05,0.14,1186.89,0.15,0.74
SANATHAN,EQ,474.3,0.63,4003.28,0.16,0.73
MONIFTY500,EQ,24.12,-0.37,294.99,3.04,0.73
IGPL,EQ,467.15,1.93,1438.58,0.16,0.73
TPLPLASTEH,EQ,77.56,0.3,604.99,0.94,0.73
ADVENTHTL,EQ,137.98,-2.54,744.3,0.53,0.73
LOKESHMACH,BE,333.65,-3.87,710.57,0.22,0.72
UHTL,ST,107.1,5,203.53,0.68,0.72
ONIDA,EQ,36.2,1.15,1337.2,2.01,0.72
INVPRECQ,BE,1229,0.96,1229,0.06,0.72
INDOFARM,EQ,144.54,-0.85,694.54,0.5,0.72
MVGJL,EQ,153.4,-2.38,749.32,0.46,0.72
SAFEENTP,SM,252,5.48,1174.43,0.29,0.72
ACSTECH,EQ,51,2.04,309.48,1.39,0.71
AUTOIETF,EQ,30.42,0.13,229.11,2.34,0.71
NOVARTIND,EQ,1608.9,1.67,3972.5,0.04,0.71
SACHEEROME,SM,463.25,2.44,1036.42,0.15,0.71
CHEMICAL,EQ,30.85,0.16,112.61,2.28,0.71
MOMIDMTM,EQ,64.97,-0.11,48.88,1.09,0.71
PARTH,SM,459,-2.97,627.36,0.15,0.71
MASPTOP50,EQ,81.26,0.67,1370.24,0.87,0.7
RUPA,EQ,149.25,-1.19,1186.9,0.47,0.7
MIDWESTLTD,EQ,1119,-0.6,4046.4,0.06,0.7
GUJTHEM,EQ,346,-0.79,3770.2,0.2,0.7
CONSUMBEES,EQ,135.15,-0.27,197.52,0.52,0.7
MENONBE,BE,241.16,5,1351.46,0.29,0.7
MUNJALSHOW,EQ,137.41,-0.58,549.38,0.5,0.69
COFFEEDAY,BE,29.85,3.57,630.59,2.34,0.69
RFBL,ST,95.95,-5,223.71,0.72,0.69
MIRZAINT,EQ,31.43,-0.95,434.37,2.2,0.69
INTLCONV,EQ,78.66,3.88,501.7,0.86,0.69
RML,EQ,1092.9,-1.85,3020.46,0.06,0.69
PATELRMART,EQ,223.75,1.88,747.34,0.31,0.69
SGBJUN31I,GB,15271.01,0.24,11864.49,0,0.68
KAMATHOTEL,EQ,189.59,-3.21,558.91,0.35,0.68
NEXT50,EQ,768.25,-0.34,1440.96,0.09,0.68
KAVDEFENCE,EQ,55.77,-2.09,335.31,1.23,0.68
AGARIND,EQ,492.65,1.63,736.9,0.14,0.68
EMPOWER,EQ,2.08,-0.48,242.07,32.13,0.67
SHREERAMA,EQ,45.9,4.79,612.62,1.47,0.67
VGINFOTECH,SM,150.6,-4.05,374.52,0.44,0.67
GRAUWEIL,EQ,66.74,-0.96,3026.07,1,0.67
INDOCO,EQ,220,0.22,2030.68,0.3,0.66
GICHSGFIN,EQ,139.22,-1.32,749.71,0.48,0.66
KKCL,EQ,513.5,0.16,3164.45,0.13,0.66
NARMADA,EQ,14.44,-4.94,109.56,4.52,0.66
DHANUKA,EQ,1001.6,-0.8,4464.96,0.07,0.66
HDFCPVTBAN,EQ,27.79,-0.11,870.32,2.37,0.66
ANDHRAPAP,EQ,59.87,0.3,1190.52,1.1,0.66
ESAFSFB,BE,38.98,0.93,2011.44,1.7,0.66
FMGOETZE,EQ,454.05,-0.7,2525.98,0.14,0.66
TTKPRESTIG,EQ,593.25,-0.44,8125.53,0.11,0.66
KUANTUM,EQ,81.58,1.14,711.9,0.8,0.65
NIF100BEES,EQ,270.25,-0.54,355.02,0.24,0.65
SGIL,EQ,550.25,-1.89,855.25,0.12,0.65
BLKASHYAP,EQ,53.23,3.12,1200.02,1.23,0.65
SHARDUL,BE,54.9,4.99,480.33,1.19,0.65
PRIMO,EQ,23.8,-7.1,576.78,2.72,0.64
ADVANCE,EQ,116,-2.35,745.71,0.55,0.64
FILATFASH,EQ,0.19,5.56,158.35,356.09,0.64
AYMSYNTEX,EQ,266,-0.28,1563.76,0.24,0.64
PRECOT,EQ,698.35,-2.62,838.02,0.09,0.64
SHOPERSTOP,EQ,428.3,0.93,4720.11,0.15,0.64
VASWANI,EQ,47.11,-9.7,155.21,1.35,0.64
HGS,EQ,412.55,0.95,1919.19,0.16,0.64
INSECTICID,EQ,618.45,-2.01,1799.56,0.1,0.64
BESTAGRO,EQ,18.87,0,669.26,3.38,0.64
OLIL,SM,412,-2.46,282,0.15,0.63
MODISONLTD,BE,356.1,5,1155.54,0.18,0.63
BIKEWO,ST,105.05,5,137.02,0.6,0.63
SUPREMEPWR,SM,189.05,2.36,472.46,0.33,0.63
NAMOEWASTE,ST,280,2.19,640.29,0.22,0.63
GRPLTD,EQ,2032.3,1.13,1083.89,0.03,0.63
DJML,EQ,105.25,-1.43,361.83,0.58,0.62
AARTECH,BE,52.74,5,167.56,1.19,0.62
SANOFICONR,EQ,4376,-1.55,10078.2,0.01,0.61
SGBAPR28I,GB,15200,1.23,2694.77,0,0.61
TAALTECH,EQ,4271,-0.21,1330.99,0.01,0.61
KSHITIJPOL,EQ,3.06,-1.61,47.2,20.21,0.61
MATRIMONY,EQ,541.4,0.56,1119.26,0.11,0.61
MOMMIDCAP,EQ,13.06,0.31,54.52,4.65,0.61
MOLDTECH,BE,181,-2.45,521.37,0.34,0.61
ABINFRA,EQ,10.86,0.46,693.73,5.6,0.61
SMCGLOBAL,EQ,78.75,-0.89,1649.03,0.76,0.6
UNITECH,EQ,3.96,0,1035.4,15.21,0.6
FINIETF,EQ,33.25,-0.06,215.34,1.82,0.6
BIRLACORPN,EQ,896.7,-0.91,6905.07,0.07,0.6
HARDWYN,EQ,11.19,-1.24,765.17,5.36,0.6
GROWWCAPM,EQ,11.15,-0.45,46.36,5.41,0.6
AHCL,EQ,14.4,-0.21,765.38,4.16,0.6
EVEREADY,EQ,354,-0.7,2573.13,0.17,0.59
GPTHEALTH,EQ,153,-2.02,1255.44,0.38,0.59
DURLAX,SM,64.5,-5.08,186.61,0.92,0.59
MANOMAY,EQ,215.87,0.35,389.62,0.27,0.59
SUNDROP,EQ,652.95,-1.08,2461.42,0.09,0.59
MACOBSTECH,SM,211,0.96,206.68,0.28,0.59
RAJESHEXPO,BZ,83.2,1.94,2456.56,0.7,0.59
HERANBA,EQ,166.93,-1.67,667.94,0.35,0.59
POEL,EQ,149.7,-7.93,460.57,0.4,0.59
WPIL,EQ,424.9,1.59,4150.03,0.14,0.58
EVINDIA,EQ,34.16,0,183.43,1.71,0.58
NITTAGELA,EQ,1596.3,-0.69,1449.31,0.04,0.58
SICALLOG,BE,117,1.1,933.48,0.48,0.58
SENSEXIETF,EQ,893.92,-0.47,32548.59,0.06,0.58
NEXT50BETA,EQ,80.28,0.1,2347.12,0.72,0.58
GULFPETRO,BE,61.99,0.55,316.05,0.92,0.57
QGOLDHALF,EQ,126.69,1.12,774.33,0.45,0.57
GPECO,ST,380,-4.09,449.57,0.15,0.57
NIMBSPROJ,EQ,175.03,-2.76,338.14,0.31,0.57
MERCURYEV,EQ,35.83,-0.69,680.67,1.59,0.57
BALMLAWRIE,EQ,173.71,0.16,2970.51,0.33,0.57
JAYSREETEA,EQ,88.2,-4.17,254.7,0.64,0.57
WSI,EQ,60.63,1.64,460.15,0.91,0.57
KANORICHEM,BE,151.11,-0.77,660.25,0.37,0.57
KSE,EQ,195.75,-5.87,626.4,0.29,0.56
SHREEPUSHK,EQ,380.1,-1.09,1229.16,0.15,0.56
HUBTOWN,EQ,184.47,-1.15,2621.33,0.3,0.56
SUYOG,EQ,818,-1.65,958.46,0.07,0.56
ABSLLIQUID,EQ,1000,0,41.55,0.06,0.56
KAMDHENU,BE,34,-2.16,958.4,1.62,0.55
XCHANGING,EQ,62.17,-2.68,692.6,0.89,0.55
676GS2061,GS,94.25,-0.11,133928.83,0.58,0.55
PRECAM,EQ,133,-1.48,1263.31,0.41,0.55
CORALFINAC,EQ,33.14,0.24,133.56,1.63,0.55
ELIN,EQ,99.52,-2,494.71,0.54,0.54
VIVIANA,BE,700.95,0.03,709.7,0.08,0.54
DHABRIYA,EQ,506,0.74,547.71,0.11,0.54
INDIANHUME,EQ,362.55,-1.79,1909.98,0.15,0.53
BTML,EQ,8.83,0.11,160.44,5.94,0.53
NELCAST,EQ,116.84,-0.8,1016.52,0.45,0.53
AARON,EQ,141.88,4.74,297.19,0.37,0.52
PPL,BE,272,-0.86,650.58,0.19,0.52
APCL,EQ,107.56,3.87,315.95,0.48,0.52
AARTISURF,BE,625.65,-5,529.98,0.08,0.51
IRIS,EQ,254.18,6.36,522.8,0.21,0.51
SMALL250,EQ,18.35,0.05,82.47,2.8,0.51
FWSTC,SM,190.05,-3.89,193.42,0.26,0.51
NAHARSPING,EQ,298.95,-1.01,1078.17,0.17,0.51
GREENLAM,EQ,251.55,0.1,6418.24,0.2,0.51
MOSILVER,EQ,231.54,1.1,1047.23,0.22,0.51
GROWWNIFTY,EQ,9.84,0.1,37.02,5.14,0.5
GOKUL,EQ,38.74,-0.33,383.51,1.31,0.5
BSLNIFTY,EQ,28.52,-0.49,3354.35,1.76,0.5
SATIA,EQ,58.12,-2.94,581.2,0.86,0.5
AUTOAXLES,EQ,1776.9,-0.34,2685.25,0.03,0.5
MEDICAMEQ,EQ,227.26,-5.49,308.23,0.22,0.5
AKSHARCHEM,BE,294,-3.81,236.17,0.17,0.5
ADSL,EQ,110.65,-1.92,626.78,0.44,0.49
SBIMIDMOM,EQ,64.08,-0.14,127.06,0.77,0.49
NAGREEKEXP,EQ,24.09,-0.95,75.28,2.03,0.49
RUSTOMJEE,EQ,372,0.15,4696.14,0.13,0.49
UTSSAV,ST,504,-0.63,1217.06,0.1,0.49
PROZONER,EQ,41.82,-0.48,638.19,1.15,0.48
SINDHUTRAD,EQ,23.65,0.04,3646.66,2.03,0.48
OCCLLTD,BE,157.5,3.48,786.72,0.31,0.48
RADIANTCMS,EQ,35.49,-1.64,378.71,1.35,0.48
MANBA,EQ,131,0.75,658.14,0.37,0.48
GANESHBE,BE,118,0.3,849.48,0.4,0.48
FOCUS,BE,69.25,4.23,467.06,0.69,0.48
725GS2063,GS,98.49,-0.1,236376,0.48,0.48
ALLTIME,EQ,213.43,-0.98,1398.13,0.22,0.47
MUFTI,EQ,78.5,0.38,513.34,0.6,0.47
NIRLON,EQ,623.05,-0.57,5614.8,0.08,0.47
NIF100IETF,EQ,28.45,-0.28,160.19,1.65,0.47
NILE,EQ,1461.6,-1.73,438.76,0.03,0.47
KALPATARU,EQ,283,-1.14,5827.6,0.16,0.47
SHANKARA,EQ,141.3,0.18,342.64,0.33,0.47
KSOLVES,EQ,275.8,-0.47,654.21,0.17,0.46
HESTERBIO,EQ,2420,0.23,2058.66,0.02,0.46
SANSTAR,EQ,110.97,-0.48,2222.38,0.41,0.45
SHIVALIK,BE,254.6,-5,401,0.18,0.45
HDFCMID150,EQ,23.7,-0.42,204.98,1.89,0.45
DEN,EQ,27.68,0.62,1320.96,1.61,0.45
SHINDL,EQ,162.13,-0.73,635.78,0.27,0.45
WELSPLSOL,EQ,48.47,1.06,3211.68,0.92,0.45
IFBAGRO,EQ,1045,1.53,978.86,0.04,0.44
TOP10ADD,EQ,88.11,-0.83,698.16,0.5,0.44
SUPREMEENG,BZ,2.37,1.72,59.24,18.78,0.44
DHANBANK,EQ,31.87,-1.45,1257.91,1.38,0.44
SCML,SM,83.2,-0.95,120.61,0.53,0.44
IEML,SM,39.7,-6.26,72.78,1.1,0.44
UYFINCORP,BE,21.35,1.28,406.16,2.01,0.44
AQYLON,EQ,22.59,-1.48,573.18,1.91,0.44
OMPOWER,EQ,167.97,-1.17,575.21,0.26,0.43
PUNJABCHEM,EQ,1098.9,0.37,1347.49,0.04,0.43
SHERA,ST,171,0.26,417.91,0.25,0.43
SESHAPAPER,EQ,227.52,-1.95,1434.93,0.19,0.43
VHLTD,BE,123.98,-0.93,837.84,0.35,0.43
FOODSIN,EQ,54.31,-5.07,399.35,0.79,0.43
SANGAMIND,EQ,593.5,-1.25,2982.13,0.07,0.43
SUNDRMBRAK,BE,901,2.26,354.51,0.05,0.43
ALBERTDAVD,EQ,800,-1.54,456.57,0.05,0.42
TERASOFT,EQ,341,-1.35,426.65,0.12,0.42
DIVINEHIRA,ST,111,0.91,434.47,0.38,0.42
SAHASRA,ST,320,0.9,799.77,0.13,0.42
ZUARIIND,EQ,256,-0.7,762.4,0.16,0.42
MODTHREAD,EQ,57.89,19.9,201.31,0.75,0.42
NV20IETF,EQ,13.65,-0.73,176.23,3.05,0.42
SILGO,EQ,69.71,-0.1,273.89,0.59,0.41
IT,EQ,34.43,-0.92,326.96,1.19,0.41
BIL,EQ,850.35,1.55,1140.35,0.05,0.41
PLATIND,EQ,214.22,-0.56,1176.6,0.19,0.41
GANGAFORGE,EQ,2.49,-4.96,83.91,16.31,0.41
LEMERITE,EQ,23.15,-0.09,289.76,1.75,0.41
GYFTR,EQ,160,-1.16,1228.93,0.25,0.4
CONSUMER,EQ,12.32,0.24,65.01,3.27,0.4
ICELCO,SM,134.8,0.45,246.17,0.3,0.4
THEJO,EQ,2112.1,0.34,2291.1,0.02,0.4
ACCPL,ST,195.5,2.62,217.32,0.2,0.4
SIGNPOST,EQ,265.85,-0.58,1420.97,0.15,0.4
NIFTYCASE,EQ,9.77,-0.51,62.91,4.07,0.4
TIPSFILMS,EQ,332.6,-4.48,143.78,0.12,0.4
PRIMESECU,EQ,283,0.37,961.08,0.14,0.39
RUBYMILLS,BE,382.45,5,1278.91,0.1,0.39
ARIHANTCAP,EQ,73.7,-0.59,807.85,0.53,0.39
TNIDETF,EQ,90.99,-0.57,173.77,0.43,0.39
MANORG,EQ,444.8,-1.13,380.95,0.09,0.39
TRANSTEEL,SM,87.6,-0.57,200.45,0.44,0.39
SNOWMAN,EQ,38.91,2.61,650.14,1,0.39
LICMFGOLD,EQ,137.65,0.92,1485.49,0.28,0.39
BHAGCHEM,EQ,284.35,-1.9,3687.14,0.13,0.39
SGBMAY28,GB,15160,1.09,3857.15,0,0.38
SIL,EQ,20.55,4.9,132.2,1.86,0.38
RANASUG,EQ,12.85,-1.53,197.33,2.99,0.38
AFFORDABLE,BE,172.8,-5,204.79,0.22,0.38
SUNLITE,SM,463.5,-0.16,639.9,0.08,0.38
NAVNETEDUL,EQ,133.91,-0.07,2962.27,0.28,0.38
BELLACASA,EQ,229.03,2.36,306.61,0.17,0.38
TEXINFRA,EQ,108,0.18,1376.21,0.35,0.38
ONWARDTEC,EQ,288.45,1.55,641.6,0.13,0.37
GANESHIN,ST,108,-2.31,461.39,0.34,0.37
WCIL,EQ,86.29,-0.3,879.77,0.43,0.36
SHANTI-RE,BE,32.92,39.97,15.23,1.18,0.36
OSELDEVICE,SM,387,-1.8,688.65,0.09,0.36
BAJAJST,EQ,361.9,-0.07,752.75,0.1,0.36
KARNIKA,SM,112.55,-5.38,697.78,0.32,0.36
GPTINFRA,EQ,113.56,-1.93,1435,0.31,0.36
GCHOTELS,ST,97.7,5,243.46,0.37,0.36
CITIUSINVT,IV,112.6,1.17,6868.6,0.31,0.35
SIMCA,SM,244,-0.22,292.11,0.14,0.35
NV20,EQ,14.01,-0.43,78.89,2.49,0.35
AKANKSHA,SM,124.65,4.97,244.07,0.28,0.35
AKIKO,SM,340,0,366.17,0.1,0.35
CELLECOR,SM,32.5,4.5,722.56,1.05,0.35
TECHNVISN,EQ,5020,-3.84,3150.05,0.01,0.35
HECPROJECT,EQ,127,-2.35,137.64,0.27,0.35
SAKHTISUG,EQ,17.6,3.23,209.17,1.99,0.34
3IINFOLTD,BE,25.92,-3.82,537.59,1.32,0.34
SGBAUG30,GB,15230,0.46,5117.9,0,0.34
VIESL,SM,310,-0.34,763.91,0.11,0.34
MUKANDLTD,EQ,133.35,-0.59,1926.85,0.26,0.34
MARATHON,EQ,366.7,0.42,2472.31,0.09,0.34
KCPSUGIND,BE,30.82,1.08,349.45,1.09,0.34
PRIZOR,ST,836,-1.76,902.56,0.04,0.34
SGRL,EQ,517.3,5.49,663.95,0.06,0.34
ROXHITECH,SM,58,-0.77,133.04,0.59,0.34
INFRAIETF,EQ,96.63,-0.62,428.03,0.35,0.34
RAPPID,SM,305.95,-4.09,158.85,0.11,0.33
HITECHCORP,BE,330.15,-0.65,567.06,0.1,0.33
ZODIAC,EQ,265.15,-0.66,401.77,0.12,0.33
ORIENTBELL,EQ,349.5,-0.36,514.13,0.09,0.33
ALPHAETF,EQ,26.69,0.07,419.29,1.24,0.33
INFRABEES,EQ,972.6,-0.44,187.19,0.03,0.33
RUSHIL,EQ,17,-1.22,498.81,1.91,0.33
MIDSMALL,EQ,52.11,-0.15,486.53,0.62,0.32
TAMBOLIIN,BE,251,2.87,248.99,0.13,0.32
SILVER360,EQ,230.72,1.48,46.29,0.14,0.32
DBCORP,EQ,212.3,0.39,3784.35,0.15,0.32
ECOSMOBLTY,BE,118.64,-1.35,711.84,0.27,0.32
ITETF,EQ,32.83,-1.11,101.2,0.97,0.32
VIVO,ST,152.65,4.99,30.76,0.21,0.32
AFIL,EQ,9.45,-2.38,403.28,3.34,0.32
SHANTIGEAR,EQ,396.1,-0.34,3038.71,0.08,0.32
IWARE,ST,440,1.62,506.3,0.07,0.32
JYOTIRES,EQ,865,-0.57,1038,0.04,0.31
ORICONENT,EQ,52.09,-1.94,818.06,0.61,0.31
VASCONEQ,EQ,31.13,-2.17,721.27,1.01,0.31
TPHQ,EQ,0.58,18.37,63.58,54.87,0.31
CHEMBONDCH,BE,265,-1.51,712.76,0.12,0.31
AONEGOLD,EQ,14.25,1.06,88.29,2.19,0.31
SPELS,EQ,150.25,2,692.91,0.21,0.31
ESTER,EQ,99.87,-1.14,1041.59,0.31,0.31
OMAXAUTO,EQ,202.36,-1.27,432.47,0.15,0.31
DISAQ,EQ,11660,-0.01,1695.6,0,0.31
MENNPIS,EQ,72.85,-1.18,371.54,0.43,0.31
TRANSPEK,BE,1168,3.75,652.39,0.03,0.31
HLVLTD,EQ,6.7,-4.01,441.7,4.56,0.31
SADHNANIQ,BE,3.1,-1.27,919.06,9.94,0.31
KRYSTAL,EQ,620.1,0.02,866.4,0.05,0.31
PANACHE,BE,545,3.86,872.76,0.06,0.31
MANAKSTEEL,EQ,85.82,-0.35,562.41,0.36,0.31
VINYAS,SM,1398,1.04,1759.34,0.02,0.3
SGBOC28VII,GB,15220,1.29,2830.19,0,0.3
MEDICO,EQ,43.65,-4.23,362.23,0.69,0.3
ENERGY,EQ,38.74,-0.1,293.69,0.78,0.3
LANCORHOL,EQ,29.21,1.14,214.84,1.03,0.3
RSWM,BE,193.4,-2.86,910.95,0.15,0.3
CSLFINANCE,EQ,220.75,0.8,502.93,0.14,0.3
CPCAP,EQ,131.64,4.01,239.49,0.23,0.3
SEJALLTD,EQ,691.5,1.71,788.31,0.04,0.3
PDMJEPAPER,EQ,88.51,0.49,840.4,0.33,0.3
ARIHANT,EQ,1036.5,-1.14,1032.94,0.03,0.29
SBIETFIT,EQ,343.15,-1.03,82.77,0.09,0.29
CORDSCABLE,BE,215.69,-1.29,278.84,0.14,0.29
TECHD,ST,565.2,-1.79,422.75,0.05,0.29
HDFCPSUBK,EQ,87.31,-1.01,55.2,0.33,0.29
SHALBY,EQ,153.67,0.5,1659.79,0.19,0.29
GTPL,EQ,52.5,-0.74,590.43,0.56,0.29
OMINFRAL,EQ,85.14,0.12,819.93,0.34,0.29
WINDMACHIN,EQ,300,-0.84,3051.81,0.1,0.29
NRAIL,EQ,510.5,-2.57,868.83,0.06,0.29
SBIBPB,EQ,50.11,-1.01,838.56,0.57,0.29
INSPIRISYS,BE,91.74,4.88,363.45,0.34,0.29
EQUAL50ADD,EQ,347.79,-0.41,1397.82,0.08,0.28
FABTECH,EQ,146.95,-0.15,653.2,0.19,0.28
BUTTERFLY,EQ,665.2,-1.87,1189.35,0.04,0.28
DVL,EQ,266.79,-0.07,934.43,0.1,0.28
URJA,EQ,9.41,-0.84,494.45,2.98,0.28
EVIETF,EQ,34.17,0.15,78.66,0.82,0.28
VLSFINANCE,EQ,257.1,-0.79,806.75,0.11,0.28
RAJOOENG,BE,50.15,-1.63,896.06,0.55,0.28
ORIENTCER,EQ,44.21,1.91,528.92,0.63,0.28
BAJAJINDEF,EQ,214,-1.45,684.8,0.13,0.28
AKCAPIT,EQ,1750,0.75,1155,0.02,0.28
GOLD360,EQ,149.15,1.19,139.88,0.19,0.28
APEXECO,ST,293.95,1.36,387.58,0.1,0.28
APTECHT,BE,93,0.64,539.43,0.3,0.28
DENTALKART,SM,402.55,-1.09,698.16,0.07,0.28
SCANSTL,BE,60.5,1.26,354.54,0.45,0.27
INNOVISION,EQ,277.5,-1.58,660.82,0.1,0.27
EEPL,SM,140.5,0.29,182.08,0.2,0.27
INDOTHAI,EQ,73.23,-4.99,941.87,0.37,0.27
CUBEXTUB,EQ,82.51,-0.11,118.15,0.33,0.27
TREL,EQ,26.11,0.69,641.51,1.06,0.27
NSIL,EQ,5474,-0.4,2811.54,0,0.27
AVONMORE,EQ,13,5.26,366.84,2.11,0.27
EBBETF0431,EQ,1444.98,0.18,13445.17,0.02,0.27
PLASTIBLEN,EQ,193.5,-1.36,502.89,0.14,0.27
NOVAAGRI,BE,25.51,4.12,236.02,1.06,0.27
IFGLEXPOR,EQ,218.54,-3,1575.21,0.12,0.27
PRATHAM,SM,118.2,-3.11,215.27,0.23,0.27
EMKAY,EQ,236.64,-0.2,644.37,0.11,0.27
SGBMAR28X,GB,15360,1.06,1163.27,0,0.27
734IRFC28,N4,1088,0.17,2783.88,0.02,0.27
QUICKHEAL,BE,151.1,1.35,819.93,0.18,0.27
BGRENERGY,BE,254,-1.34,1832.9,0.1,0.27
SRHHYPOLTD,EQ,495.05,-0.3,849.74,0.05,0.27
MOMOMENTUM,EQ,62.93,-0.05,126.27,0.42,0.27
KCEIL,SM,78,-3.88,95.35,0.34,0.26
AARVI,EQ,152.51,-0.63,226.39,0.17,0.26
KODYTECH,ST,1380.15,-1.35,1972.71,0.02,0.26
TOP100CASE,EQ,10.71,-0.28,164.64,2.46,0.26
INDORAMA,EQ,55.2,-1.59,1441.34,0.47,0.26
CONNPLEX,SM,202.5,-1.58,386.77,0.13,0.26
SURANAT&P,EQ,16.03,-3.14,217.62,1.63,0.26
VETO,BE,120.7,-2.57,230.72,0.22,0.26
JKIPL,EQ,96.65,-4.07,371,0.27,0.26
VENTIVE,EQ,584,0.18,13638.83,0.04,0.26
PPAP,BE,281,-3.73,397.7,0.09,0.26
TAKE,EQ,23.42,-1.43,346.46,1.09,0.26
APS,SM,237,-3.25,477.79,0.11,0.26
HDFCGROWTH,EQ,122,-0.55,21.03,0.21,0.26
AONELIQUID,EQ,1072.93,0.01,301.91,0.02,0.26
ALLETEC,ST,130.2,-4.96,262.93,0.2,0.26
RKSWAMY,EQ,96,1.49,484.58,0.27,0.26
TCC,EQ,251,-3.29,1192.95,0.1,0.26
AVPINFRA,SM,59.95,-0.08,149.75,0.43,0.26
ARIHANTACA,SM,490.05,-1.9,296.74,0.05,0.26
DIAMINESQ,EQ,234.78,-3.01,236.03,0.11,0.25
HALDYNGL,BE,126.11,1.9,677.86,0.2,0.25
MOMENTUM30,EQ,31.11,-0.19,33.48,0.81,0.25
SHREMINVIT,IV,101,-0.49,6169.53,0.25,0.25
GGBL,SM,230,-0.9,570.42,0.11,0.25
EIHAHOTELS,EQ,295.05,-1.4,1797.93,0.08,0.25
EPWINDIA,ST,214.95,-0.02,246.75,0.12,0.25
SBILIQETF,EQ,1052.11,0.01,62.18,0.02,0.25
BORANA,EQ,317,-0.92,844.66,0.08,0.25
DONEAR,EQ,88.99,1.96,462.75,0.28,0.25
DHARMAJ,EQ,270,-0.06,912.53,0.09,0.25
MICEL,BE,36.35,-0.55,876.08,0.67,0.25
BODALCHEM,BE,69.03,0.8,869.39,0.36,0.25
INTERNET,EQ,14.33,0.42,35.1,1.72,0.25
BIRLAMONEY,EQ,130.54,-1.02,737.67,0.19,0.25
BATLIBOI,EQ,87.2,-2.64,411,0.28,0.25
MOVALUE,EQ,113.94,-0.67,163.81,0.21,0.24
CHAVDA,SM,136,0.29,444.12,0.18,0.24
ADISOFT,SM,182.4,-0.49,297.64,0.14,0.24
JPOLYINVST,EQ,1010.7,-0.04,1062.44,0.02,0.24
SPECIALITY,BE,134.5,-3.7,648.77,0.18,0.24
TWCGOLDETF,EQ,152.36,1,27.2,0.16,0.24
DENEERS,SM,180,4.65,159.24,0.14,0.24
MIDCAP,EQ,18.67,-0.16,211.28,1.29,0.24
SARVESHWAR,EQ,3.47,0.29,427.37,6.91,0.24
BANKNIFTY1,EQ,59.58,-0.32,4706.49,0.4,0.24
ALPL30IETF,EQ,28.3,-0.18,1589.93,0.85,0.24
SSDL,EQ,62.5,-4.05,247.5,0.39,0.24
MAANALU,EQ,119.42,-0.61,716.34,0.2,0.24
DRAGARWQ,EQ,5380,-0.43,2600.06,0,0.24
SHRIAHIMSA,ST,394,0.13,923.18,0.06,0.24
GTL,EQ,7.37,-3.79,115.93,3.25,0.24
PRIMECAB,ST,186.9,5,342.48,0.13,0.24
SICAGEN,EQ,58,-1.36,229.52,0.41,0.24
GAUDIUMIVF,BE,120.77,-2,879.05,0.19,0.24
VAKRANGEE,EQ,5.84,-1.35,632.58,3.99,0.23
AONESILVER,EQ,8.95,1.47,33.87,2.62,0.23
AVIENCE,SM,238,-3.76,130.54,0.1,0.23
ACCELYA,EQ,1136.9,-0.25,1696.97,0.02,0.23
AVATAR,ST,233,0.87,242.72,0.1,0.23
RAMAPHO,EQ,120.52,0.56,426.48,0.19,0.23
COMMOIETF,EQ,99.64,-0.42,128.69,0.23,0.23
RBMINFRA,SM,238.05,-2.96,253.12,0.1,0.23
BOROSCI,EQ,132.65,-0.95,1179.88,0.17,0.23
ABSLBANETF,EQ,58.91,-0.32,2517.08,0.39,0.23
BLBLIMITED,EQ,15.81,-0.94,83.58,1.44,0.23
DBEIL,BE,6.78,-4.64,315.82,3.33,0.23
MOTOUR,EQ,80.3,0.15,22.48,0.29,0.23
SGBJUN29II,GB,15130.03,0.65,2872.4,0,0.23
GUJAPOLLO,EQ,350.1,2.38,454.08,0.06,0.23
SARLAPOLY,EQ,101.07,-0.12,803.54,0.22,0.23
SAHANA,SM,780,-1.02,827.15,0.03,0.23
MINDTECK,EQ,175.91,-1.09,562.11,0.13,0.22
NDTV,EQ,75.6,-1.22,852.95,0.29,0.22
AMDIND,EQ,51.5,-6.02,98.71,0.42,0.22
NECLIFE,EQ,11.2,1.82,217.57,1.94,0.22
GFLLIMITED,EQ,51.15,0.71,561.88,0.43,0.22
SCILAL,EQ,40.12,-0.5,1868.79,0.54,0.22
MEGATHERM,SM,194,-0.44,365.51,0.11,0.22
HARRMALAYA,EQ,194.3,-2.27,358.59,0.11,0.22
RNBDENIMS,EQ,8.78,-1.68,236.99,2.46,0.22
RAMKY,EQ,383.85,-1.59,2656.16,0.06,0.22
RCOM,BE,0.8,-1.23,221.24,26.24,0.21
MHLXMIRU,EQ,188.2,-0.3,199.87,0.11,0.21
BFSI,EQ,27.2,-0.37,405.52,0.78,0.21
KESORAMIND,BE,11.52,-1.54,357.88,1.84,0.21
PSRAJ,ST,83.6,-4.89,315.1,0.25,0.21
BSE500IETF,EQ,39.94,-0.17,364.55,0.53,0.21
SGBSEP28VI,GB,15321.11,1.21,4887.64,0,0.21
AMNPLST,EQ,187.87,-2.68,1033.66,0.11,0.21
CLSEL,EQ,277.55,-0.32,1380.13,0.08,0.21
SGBJUL28IV,GB,15120,0.91,6245.8,0,0.21
DAICHI,EQ,327.95,-2.47,244.36,0.06,0.21
DREAMFOLKS,EQ,65.86,-1.27,350.84,0.31,0.21
HMVL,BE,87.11,0.54,641.75,0.24,0.21
MULTICAP,EQ,16.88,-0.24,86.24,1.21,0.2
NINSYS,EQ,742.5,0.48,1379.27,0.03,0.2
SIGMA,EQ,45.18,-2.12,464.34,0.44,0.2
SAPPL,EQ,288,3.62,254.9,0.07,0.2
A2ZINFRA,EQ,14.3,-2.85,253.86,1.35,0.2
IGCL,EQ,70.29,-0.87,444.4,0.28,0.2
NEAGI,EQ,3295.9,5,205.03,0.01,0.2
GROWWRLTY,EQ,10.12,0.8,16.41,2,0.2
MAJESAUT,BE,363.2,-4.04,377.64,0.05,0.2
ADVANIHOTR,EQ,50.44,-3.17,466.26,0.39,0.2
MADRASFERT,EQ,64.65,-1.39,1041.52,0.3,0.2
764IRFC31,NO,1145,0.17,1367.49,0.02,0.2
SGBMR29XII,GB,15315.06,1.29,4948.15,0,0.2
MUTHOOTCAP,EQ,256.22,0.32,421.42,0.08,0.19
THEMISMED,EQ,102.85,-1.91,947.25,0.19,0.19
SHARIABEES,EQ,466,-1.21,58.37,0.04,0.19
TVTODAY,EQ,111.52,-0.8,665.42,0.17,0.19
SGBDE30III,GB,15229.99,0.94,4281.17,0,0.19
GROWWMETAL,EQ,12.4,0,42.48,1.56,0.19
ASIANHOTNR,EQ,300.55,-0.36,1281.34,0.06,0.19
YAAP,SM,136,-4.73,284.69,0.14,0.19
PVSL,EQ,113.6,-2.5,808.81,0.17,0.19
GOODYEAR,EQ,766,-1.47,1766.89,0.02,0.19
HDFCNIFBAN,EQ,58.99,-0.51,4988.64,0.32,0.19
OAL,EQ,351.15,0.88,1181.75,0.05,0.19
SCHAND,EQ,136.62,-0.9,481.89,0.14,0.19
SUPREMEINF,EQ,90,-0.96,870.62,0.21,0.19
KDL,SM,94,-2.44,113.03,0.19,0.19
BCONCEPTS,EQ,155.88,-1.97,194.57,0.12,0.19
HDFCSENSEX,EQ,88.07,-0.16,956.29,0.21,0.19
MOSERVICE,EQ,31.18,-0.7,6.08,0.59,0.18
SHREDIGCEM,EQ,70.46,-2.02,1042.2,0.26,0.18
GROWWNET,EQ,10.64,0.19,38.66,1.71,0.18
VMSTMT,EQ,49.04,-4.52,243.39,0.36,0.18
DECCANCE,EQ,550,0.85,770.41,0.03,0.18
CHEMCON,BE,186,-2.69,681.33,0.09,0.18
INDIQUBE,EQ,179.54,-0.26,3806.21,0.1,0.18
RKEC,EQ,23.92,-4.4,61.76,0.73,0.18
GANDHITUBE,EQ,880,-0.32,1069.38,0.02,0.18
TANAA,EQ,300.05,-2.85,765.14,0.06,0.18
LGHL,EQ,177.32,-2.57,888.24,0.1,0.17
CLAYCRAFT,SM,159.5,-1.3,328.1,0.11,0.17
INDOUS,EQ,84.88,4.78,170.2,0.2,0.17
NIFTYAXIS,EQ,269.39,-0.37,939.42,0.06,0.17
AVANCE,EQ,0.91,-2.15,180.35,19.97,0.17
GICL,EQ,23.1,0.22,258.62,0.74,0.17
ATLANTAA,EQ,39.61,-1.02,322.82,0.43,0.17
SPCENET,EQ,3.65,1.39,207.22,4.66,0.17
ELPROINTL,EQ,175.54,0.39,2975.04,0.1,0.17
MAHAPEXLTD,EQ,54,7.12,152.19,0.32,0.17
AONETOTAL,EQ,12.02,-0.25,43.93,1.4,0.17
NV20BEES,EQ,140.26,-0.69,143.84,0.12,0.17
KOKUYOCMLN,EQ,82.86,1.62,831.12,0.2,0.17
HILTON,BE,20.36,2.31,104.79,0.81,0.17
UNIHEALTH,SM,676.05,-0.01,1074.92,0.03,0.17
CAPITALSFB,EQ,283.65,-0.72,1289.62,0.06,0.17
MCL,EQ,58.6,2.45,159.06,0.29,0.17
TAINWALCHM,EQ,204.1,-0.82,191.12,0.08,0.17
HDFCMOMENT,EQ,31.33,-0.16,128.65,0.53,0.17
HPAL,EQ,34.64,-1.45,318.25,0.47,0.16
DIVOPPBEES,EQ,78.38,-0.75,71.62,0.21,0.16
RNFI,SM,268,-2.76,679.57,0.06,0.16
HDFCNIFIT,EQ,33.09,-1.05,136.49,0.49,0.16
PASUPTAC,BE,59.85,1.49,533.46,0.27,0.16
SUBAHOTELS,SM,112,-3.41,271.52,0.14,0.16
GEEKAYWIRE,EQ,22.9,1.33,239.35,0.7,0.16
NURECA,BE,343,-0.95,327.29,0.05,0.16
BNAGROCHEM,EQ,232.75,-4.98,2275.67,0.07,0.16
ONELIFECAP,BE,35.41,4.98,132.29,0.46,0.16
UTKAL,SM,50.65,-4.97,98.94,0.3,0.16
HAZOOR,EQ,21.9,5.04,629.9,0.73,0.16
NDGL,EQ,2851,-2.63,285.1,0.01,0.16
ASAHISONG,BE,371.95,2.78,438.43,0.04,0.16
VAL30IETF,EQ,15.27,-0.65,47.91,1.03,0.16
GRADIENTE,EQ,2.81,3.31,93.4,5.59,0.16
HEALTHY,EQ,16.96,-0.41,80.74,0.92,0.16
REPRO,EQ,322,-0.85,461.92,0.05,0.16
AERONEU,EQ,84.8,-1.4,218.75,0.18,0.16
UEL,EQ,222.48,-5,2967.83,0.07,0.16
MEIL,EQ,271.5,-0.37,750.16,0.06,0.16
SHAH,EQ,4.06,-0.98,398.84,3.83,0.16
76NHAI31,NA,1118,0.27,2990.94,0.01,0.16
AVG,BE,198,-3.41,370.42,0.08,0.15
VALIANTLAB,EQ,86.53,5,469.97,0.18,0.15
ASHIKAG,BE,440,-0.72,1967.9,0.04,0.15
BLAL,EQ,170.46,-0.6,709.87,0.09,0.15
MIDSELIETF,EQ,19.85,-0.25,114.82,0.77,0.15
MOMENTUM,EQ,31.5,-0.47,39.25,0.49,0.15
BANSWRAS,EQ,117.81,1.53,403.29,0.13,0.15
SOMATEX,EQ,92.47,1.2,305.46,0.17,0.15
RBS,SM,94,0.59,225.59,0.16,0.15
STEL,EQ,580,-0.21,1070.41,0.03,0.15
SILVERBND,EQ,234.57,1.3,12.36,0.06,0.15
TARMAT,EQ,55.22,-5.93,138.4,0.27,0.15
KALYANIFRG,EQ,660,2.56,240.11,0.02,0.15
ESILVER,EQ,234.41,1.38,1742.07,0.06,0.15
S&SPOWER,EQ,296.5,-8.94,365.93,0.05,0.15
MANAKALUCO,EQ,38.23,-2.8,250.54,0.39,0.15
SKP,SM,150,-7.41,249,0.1,0.15
COASTCORP,EQ,41.76,-0.14,279.7,0.35,0.15
ELGIRUBCO,EQ,59.05,1.23,295.55,0.25,0.15
ATL,EQ,23.82,0.51,600.41,0.61,0.15
GILT5BETA,EQ,67.29,0.63,26.54,0.21,0.14
BLIL,EQ,70.9,-0.06,1573.79,0.2,0.14
AUTOIND,BE,93.36,-5,423.62,0.15,0.14
BPL,EQ,50.26,1.45,246.15,0.28,0.14
AONETMMQ50,EQ,10.46,0.38,16.29,1.38,0.14
MVKAGRO,SM,217.55,-4.98,1098.71,0.07,0.14
TTL,EQ,5.97,-2.77,154.21,2.39,0.14
SGBJAN29X,GB,15137.88,1,1837.81,0,0.14
LANCER,EQ,10.91,-0.64,385.41,1.3,0.14
DHARARAIL,ST,140,-0.92,211.18,0.1,0.14
MONQ50,EQ,151.4,0.83,222.18,0.09,0.14
EGOLD,EQ,152.85,1.09,1611.77,0.09,0.14
WTICAB,SM,107,-1.47,254.79,0.13,0.14
BARFLEX,SM,62,8.96,153.44,0.24,0.14
TOLINS,EQ,96.49,-0.22,381.22,0.15,0.14
MAHEPC,EQ,107.74,0.17,301.14,0.13,0.14
MAFATIND,EQ,121.75,-0.65,878.6,0.12,0.14
CUDML,ST,106.6,-4.82,188.1,0.13,0.14
AARNAV,EQ,30.94,-1.65,130.69,0.45,0.14
ALLDIGI,EQ,812.7,-0.09,1238.42,0.02,0.14
GSLSU,EQ,33.71,4.98,142.87,0.42,0.14
NIRAJ,EQ,27.95,-0.89,166.85,0.49,0.14
ORBTEXP,BE,229.25,-2.83,607.77,0.06,0.14
SAURASHCEM,EQ,59.51,-1.38,662.27,0.23,0.14
NDLVENTURE,EQ,123,-3.5,414.16,0.11,0.14
SHYAMDHANI,ST,56,3.04,115.67,0.26,0.14
GLOTTIS,BE,66,1.51,609.86,0.21,0.14
GINNIFILA,BE,45.45,0.93,389.28,0.3,0.14
FCSSOFT,EQ,1.48,-0.67,253.01,9.15,0.14
TARACHAND,EQ,47.42,-0.98,373.79,0.29,0.14
INFOLLION,SM,153.8,-3.84,149.29,0.09,0.14
STERTOOLS,BE,222.8,-0.51,809.75,0.06,0.14
ABSLPSE,EQ,10.2,-0.1,21.83,1.32,0.13
HYBRIDETF,EQ,10.15,-0.1,14.55,1.33,0.13
PANORAMA,EQ,47.75,0.61,1244.06,0.28,0.13
AONENIFTY,EQ,10.03,-0.2,22.17,1.33,0.13
GROWWMOM50,EQ,10.98,0,28.6,1.22,0.13
RPPINFRA,EQ,59.89,0.4,296.97,0.22,0.13
NILAINFRA,EQ,7,-1.96,275.72,1.89,0.13
MOGOLD,EQ,151.25,0.87,1956.94,0.09,0.13
SBISMLETF,EQ,18.32,-0.16,8.38,0.71,0.13
SGBJUL29IV,GB,15131,0.96,4423.94,0,0.13
GOACARBON,EQ,359,-0.98,328.52,0.04,0.13
NCLIND,EQ,171.24,-0.77,774.57,0.08,0.13
BRANDMAN,SM,185,1.87,341.46,0.07,0.13
ITADD,EQ,32.77,-1.59,175.14,0.4,0.13
DHUNINV,EQ,1022,-3.9,623.13,0.01,0.13
MODIRUBBER,EQ,115.4,-3.29,288.97,0.11,0.13
HILINFRA,EQ,43.93,-1.06,315.07,0.3,0.13
MOS,ST,10.65,4.93,274.17,1.24,0.13
VSTL,EQ,106.08,-1.7,201.15,0.12,0.13
SYSTANGO,SM,216,0.54,316.85,0.06,0.13
JAYBEE,SM,83.25,-3.76,187.88,0.15,0.13
CHEMFAB,EQ,372.4,-0.9,535.28,0.03,0.13
FRESHARA,ST,350.95,-1.18,824.7,0.04,0.13
BAIDFIN,EQ,9.56,-3.43,148.07,1.31,0.13
769NHAI31,NE,1151,0,1297.94,0.01,0.13
IVZINGOLD,EQ,132.9,1.14,777.68,0.09,0.13
PRAXIS,EQ,5.9,-4.99,109.63,2.11,0.13
UMAEXPORTS,BE,21.75,0.74,73.54,0.56,0.13
718GS2037,GS,103.5,-0.29,178020,0.12,0.12
GENXAI,SM,80.75,2.22,144.89,0.16,0.12
ORIENTPPR,EQ,16.94,0.36,359.44,0.74,0.12
BANKBETA,EQ,59.31,-0.32,3128.01,0.21,0.12
ANLON,SM,620,-3.13,465.61,0.02,0.12
ANANTAM,IV,105,-0.28,2283.75,0.12,0.12
ATMASTCO,SM,145.1,-3.91,358.9,0.08,0.12
FIBERWEB,EQ,27.91,-3.82,80.36,0.44,0.12
HOACFOODS,ST,806,0.25,349.84,0.01,0.12
ZEELEARN,BE,8,-1.6,262.19,1.52,0.12
SAWALIYA,SM,285,0.11,282.67,0.04,0.12
BLUEWATER,ST,400.05,-3.24,440.06,0.03,0.12
SAIFL,SM,4.95,-2.94,29.48,2.4,0.12
BMWVENTLTD,EQ,57.25,-0.07,496.44,0.21,0.12
SONAMLTD,EQ,56.2,1.48,224.98,0.21,0.12
MARUSHIKA,SM,110,-5.5,93.9,0.11,0.12
SGBJAN29IX,GB,15148.99,1.13,4347.59,0,0.12
KOTARISUG,EQ,26.48,0.76,219.49,0.45,0.12
AGARWALTUF,SM,139,-2.11,245.68,0.08,0.12
MYMUDRA,SM,76.35,0.66,86.98,0.16,0.12
BHAGERIA,BE,202,1.38,881.61,0.06,0.12
AFSL,EQ,201.11,-1.74,1022.44,0.06,0.12
LORDSCHLO,EQ,139.18,0.47,398.8,0.08,0.12
EUROBOND,EQ,155.35,-1.95,380.61,0.07,0.12
MALLCOM,EQ,966.85,-0.28,603.31,0.01,0.12
BBETF0432,EQ,1358.08,0.22,10522.01,0.01,0.12
PRABHA,EQ,156.1,0.11,2137.1,0.07,0.12
VINSYS,ST,580,0.17,855.49,0.02,0.12
EXXARO,EQ,6.14,-0.81,274.71,1.88,0.12
769HUDCO31,N9,1128.6,-0.15,688.5,0.01,0.12
TRITONV,EQ,1130,-2.16,578.8,0.01,0.12
VRAJ,EQ,121.85,-0.91,401.89,0.09,0.12
BROOKS,BE,60.95,-2.34,179.54,0.19,0.12
APRAMEYA,SM,133,-4.9,253.23,0.09,0.11
SGBMAR31IV,GB,15236.1,0,5380.76,0,0.11
SIKKO,BE,5.29,-4.86,231.07,2.15,0.11
EQUAL50,EQ,336.55,-0.13,185.86,0.03,0.11
BHADORA,ST,105,-0.38,195.3,0.11,0.11
EFFWA,ST,352,-2.49,814.78,0.03,0.11
DCMNVL,EQ,173,-3.5,323.13,0.06,0.11
RAMASTEEL,BE,4.33,-1.81,708.17,2.61,0.11
ISHANCH,EQ,48.42,0.52,132.21,0.24,0.11
851HUDCO28,NB,1128,-0.18,901.57,0.01,0.11
MAGSON,SM,190.95,3.78,263.46,0.06,0.11
734GS2064,GS,100.5,0,240195,0.11,0.11
CHEVIOT,EQ,1162.6,0.31,679.18,0.01,0.11
ARHAM,SM,186.1,-1.79,405.92,0.06,0.11
KRISHIVAL,EQ,408.95,0.58,911.76,0.03,0.11
IMPAL,EQ,1071.6,0.31,1337.36,0.01,0.11
READYMIX,SM,102.8,-1.58,112.65,0.11,0.11
YUKEN,EQ,836.85,-1.92,1136.78,0.01,0.11
FINBUD,SM,142.5,2.15,271.46,0.08,0.11
764NABAR31,N2,1108,-0.63,1948.68,0.01,0.11
VCL,EQ,1.77,4.73,32.52,6.2,0.11
SANDESH,EQ,1094.15,1.34,828.21,0.01,0.11
BRAHMINFRA,EQ,173.7,0.99,504.05,0.07,0.11
WEALTH,EQ,891.8,-1.15,950.21,0.01,0.11
MANUFGBEES,EQ,166.12,-1.86,11.68,0.07,0.11
GROWWSC250,EQ,10.54,-0.85,17.11,1.03,0.11
NEOCHEM,ST,90.2,-0.88,154.43,0.12,0.11
TECHERA,SM,168.95,-0.27,279.12,0.06,0.11
TBI,SM,60,0,108.95,0.18,0.11
BCPL,EQ,73.99,1.58,123.74,0.15,0.11
SHEMAROO,BE,126.8,-1.8,364.3,0.08,0.11
96IIFL28,N5,1000.28,-0.37,382.93,0.01,0.11
ELIQUID,EQ,1043.95,0.01,57.35,0.01,0.11
ROYALARC,SM,175,-2.78,194.25,0.06,0.11
RSSOFTWARE,EQ,31.49,-4.98,81.34,0.33,0.11
NIFTYADD,EQ,256.3,-0.39,220.21,0.04,0.11
BALPHARMA,EQ,85.27,-2.04,135.76,0.12,0.11
TRF,EQ,229.24,-0.64,252.27,0.05,0.11
ESFL,SM,131.25,-2.05,326.01,0.08,0.1
PYRAMID,EQ,163.41,0.27,601.1,0.06,0.1
LPDC,EQ,8.02,-1.23,107.58,1.3,0.1
PELATRO,SM,282.7,-4.97,299.59,0.04,0.1
SUMMITSEC,EQ,1443.7,-0.01,1573.89,0.01,0.1
HINDADH,EQ,335.55,19.99,171.68,0.03,0.1
TREJHARA,EQ,163.16,0.53,393.49,0.06,0.1
MNC,EQ,34.72,-0.2,47.41,0.29,0.1
CLEDUCATE,BE,57.5,-2.29,312.18,0.18,0.1
PRITIKAUTO,BE,17.06,-1.39,284.07,0.59,0.1
HALDER,EQ,295.45,-2.14,367.48,0.03,0.1
TUNWAL,SM,26.25,-1.87,151.44,0.38,0.1
GVKPIL,BE,2.35,-0.42,370.98,4.28,0.1
DRONE,SM,38,-1.17,92.72,0.26,0.1
LIQUIDSHRI,EQ,1117.62,0.01,37.49,0.01,0.1
NATCAPSUQ,EQ,151,0.85,157.21,0.07,0.1
SIGIND,EQ,67.47,1.73,198.61,0.14,0.1
BIOPOL,SM,93,-1.22,100.49,0.11,0.1
KHADIM,BE,97,-1.61,178.27,0.1,0.1
SRD,EQ,41.57,2.64,265.91,0.23,0.1
SRTL,EQ,39.2,-0.91,156.7,0.25,0.1
73GS2053,GS,100.2,-0.34,195390,0.1,0.1
RUCHIRA,EQ,102.65,-1.38,306.36,0.09,0.1
SETCO,BE,16.88,-1.97,225.8,0.57,0.1
SETF10GILT,EQ,267.67,0.21,3336.21,0.04,0.1
NIFTY100EW,EQ,35.72,-0.36,34.81,0.27,0.1
JMA,EQ,88.36,0.59,201.82,0.11,0.1
OWAIS,ST,74.95,-4.95,136.28,0.13,0.1
EFACTOR,SM,201,2.29,263.94,0.05,0.09
CPEDU,EQ,202.99,-0.9,369.3,0.05,0.09
AIRAN,EQ,15.62,2.36,195.28,0.6,0.09
TRACXN,EQ,29.15,-1.55,311.67,0.32,0.09
930APMD33,N0,103460,-2.4,1034.59,0,0.09
DYNPRO,EQ,229.3,-1.1,284.98,0.04,0.09
JINDALPHOT,EQ,1057,-0.07,1084.31,0.01,0.09
VALUEAXIS,EQ,32.89,-0.21,32.85,0.28,0.09
DUCON,EQ,3.24,4.85,105.28,2.84,0.09
TIJARIA,EQ,5.7,-5.47,16.32,1.63,0.09
NRL,BE,115,-1.71,794.29,0.08,0.09
VISACHROME,EQ,37.82,2.52,551.38,0.24,0.09
LYKALABS,BE,68,1.95,245.84,0.14,0.09
DEVX,EQ,33.14,0.88,313.61,0.27,0.09
BEWLTD,SM,52.15,0.77,68.18,0.17,0.09
ROLLT,BE,3.17,4.97,79.29,2.92,0.09
HAPPY,SM,66,3.94,94.29,0.14,0.09
SUDARCOLOR,EQ,408.2,-1.26,942.2,0.02,0.09
MADHUSUDAN,ST,227,1.18,366.26,0.04,0.09
GOLDSTAR,SM,8.05,4.55,230.39,1.13,0.09
ONEGLOBAL,EQ,565.3,-5,1104.77,0.02,0.09
RAJPALAYAM,EQ,858.95,2.48,791.97,0.01,0.09
753IRFC30,NJ,1134,-0.09,1218.16,0.01,0.09
LAKSHYA,SM,80,-2.79,80.67,0.11,0.09
OSIAHYPER,BE,2.55,3.66,45.12,3.6,0.09
MOKSH,EQ,10.74,1.99,94.78,0.82,0.09
EMMBI,BE,84,-2.01,161.62,0.11,0.09
SADBHAV,EQ,8.37,-1.99,143.6,1.07,0.09
PSUBANKADD,EQ,87.28,-1.07,1195.49,0.1,0.09
VIKASLIFE,EQ,1.25,0,232.21,7.09,0.09
TEXMOPIPES,EQ,45.93,-0.22,134.09,0.19,0.09
GREENLEAF,ST,125.2,0,74.23,0.07,0.09
10IIFL28,N4,1004,0,233.65,0.01,0.09
OSWALGREEN,EQ,20.75,-1.14,532.88,0.42,0.09
ARCHIDPLY,EQ,94.11,0.87,186.95,0.09,0.09
SGBSEP29VI,GB,15348.99,1.41,5403.37,0,0.09
BIGBLOC,EQ,44.97,0.04,636.67,0.19,0.09
SGBJUN30,GB,15199.98,1.09,3887.95,0,0.09
NEPHROCARE,ST,83.05,-4.98,136.92,0.1,0.09
WARDINMOBI,EQ,6.27,-4.13,188.61,1.39,0.09
INDIANCARD,EQ,213.01,-4.52,126.55,0.04,0.09
AAKAAR,SM,49,-3.35,69.45,0.18,0.09
ANDREWYU,EQ,25.51,-2.26,1247.31,0.32,0.08
CHETANA,SM,43.5,-8.42,88.74,0.19,0.08
HCL-INSYS,EQ,11.23,-0.88,369.7,0.74,0.08
GSMFOILS,SM,92.85,-4.96,130.85,0.09,0.08
STCINDIA,EQ,116.57,-0.11,699.42,0.07,0.08
RVTH,EQ,739.95,1.38,226.94,0.01,0.08
PRADPME,BE,493,-0.92,851.41,0.02,0.08
SAHAJSOLAR,SM,106.2,-1.76,233.34,0.08,0.08
GLOBECIVIL,EQ,44.99,1.31,268.68,0.18,0.08
AAREYDRUGS,EQ,84.01,0.17,238.2,0.1,0.08
SGBN28VIII,GB,15130,0.5,2380.64,0,0.08
AJOONI,EQ,3.78,-2.07,65.11,2.17,0.08
SURAJLTD,EQ,220,-1.54,404.01,0.04,0.08
SGBAUG29V,GB,15116,0.83,3465.71,0,0.08
TRIGYN,EQ,55.68,-0.7,171.41,0.15,0.08
ENIL,EQ,101,-0.01,481.47,0.08,0.08
ENVIRO,SM,74,-0.6,139.05,0.11,0.08
892PFCL33,N8,1278.98,0.04,1102.43,0.01,0.08
SPENCERS,EQ,31.3,1.72,282.11,0.25,0.08
SUPREME,EQ,40.73,-2.11,157.41,0.2,0.08
LIQUIDSBI,EQ,999.99,0,49.57,0.01,0.08
QUAL30IETF,EQ,21.62,-0.23,144.26,0.37,0.08
HAWKINCOOK,EQ,8321,-0.36,4399.99,0,0.08
BLACKROSE,BE,105,0.18,535.5,0.08,0.08
VITAL,BE,54,-0.92,129.34,0.15,0.08
VINEETLAB,EQ,36.38,-2.44,69.87,0.22,0.08
BANKETF,EQ,584.66,-0.4,321.46,0.01,0.08
POSITRON,SM,167,-0.89,126.93,0.05,0.08
MID150,EQ,23.83,0.13,13.53,0.33,0.08
ECORECO,EQ,485.55,-1.17,936.95,0.02,0.08
SILINV,EQ,446.8,1.42,473.42,0.02,0.08
EVERESTIND,BE,455,-0.36,721.44,0.02,0.08
RELCHEMQ,EQ,114.6,-3.69,86.45,0.07,0.08
SMALLIETF,EQ,18.32,-1.35,9.1,0.42,0.08
COOLCAPS,ST,19.95,-0.25,234.66,0.4,0.08
IVP,BE,174.15,-0.39,179.83,0.04,0.08
AKSHOPTFBR,BE,6.98,4.96,113.56,1.1,0.08
BIRLAPREC,EQ,36.41,1.36,249,0.21,0.08
DENORA,EQ,839.7,-0.01,445.77,0.01,0.08
DHARAN,BZ,0.17,6.25,88.89,47.71,0.08
WINSOL,SM,113,1.99,130.35,0.07,0.08
MOMGF,EQ,165.84,-0.02,1.66,0.05,0.08
GLOBALVECT,EQ,151.49,0.64,212.09,0.05,0.08
BANK10ADD,EQ,16.87,-0.47,309.4,0.45,0.08
SAGCEM,EQ,171.4,-1.15,2240.33,0.04,0.08
VIKASECO,EQ,1.08,-0.92,191.02,6.91,0.08
RHFL,BZ,1.74,-2.25,84.31,4.24,0.07
ITAXIS,EQ,341.26,-1.37,57.36,0.02,0.07
AERON,SM,75.2,-1.12,127.99,0.1,0.07
LANDSMILL,EQ,0.76,0,107.21,9.83,0.07
DISHTV,EQ,2.8,-0.71,515.55,2.65,0.07
ECAPINSURE,EQ,23.78,0.08,15.83,0.31,0.07
TECH,EQ,33.88,-1.2,27.43,0.22,0.07
MARC,SM,124,-4.62,214.69,0.06,0.07
SUKHJITS,EQ,157.9,-1.18,493.34,0.05,0.07
CLSL,ST,75,-2.6,128.55,0.1,0.07
HTMEDIA,EQ,26.13,-0.91,477.28,0.28,0.07
UNIDT,BE,227,1.21,460.88,0.03,0.07
DEEP,EQ,36,1.58,87.05,0.2,0.07
SGBNV29VII,GB,15230,1.37,4947.07,0,0.07
PTL,EQ,38.58,-0.16,510.71,0.19,0.07
URBAN,SM,148.05,0.71,128.21,0.05,0.07
SGBD29VIII,GB,15110.12,0.7,3748.05,0,0.07
SGBJUN28,GB,15139,1.6,3615.69,0,0.07
KCK,ST,14.9,-1,94.77,0.47,0.07
IVC,EQ,8.32,0.6,261.28,0.85,0.07
SAAKSHI,ST,299.9,1.28,529.5,0.02,0.07
DKEGL,SM,70.2,10.46,52.71,0.1,0.07
DPWIRES,BE,162.2,-0.12,251.42,0.04,0.07
KANDARP,SM,102.05,-2.76,91.57,0.07,0.07
CCCL,EQ,15.69,-1.94,700.97,0.44,0.07
MGEL,BE,14.73,2.08,485.44,0.48,0.07
TEAMTECH,ST,116.25,0.22,348.47,0.06,0.07
DIGIKORE,SM,38.8,-7.18,49.14,0.18,0.07
AVROIND,EQ,8.32,-3.59,111.63,0.84,0.07
APOLSINHOT,EQ,1223.3,1.27,318.11,0.01,0.07
774IREDA31,N7,1128.9,0.61,545.84,0.01,0.07
PRAENG,EQ,19.61,-2.92,137.14,0.35,0.07
KHAITANLTD,EQ,140,0.59,66.5,0.05,0.07
EMAMIPAP,BE,110.7,1.41,669.72,0.06,0.07
KRITI,EQ,67.93,0.24,357.96,0.1,0.07
SOMICONVEY,EQ,84.95,-1.81,100.07,0.08,0.07
KOTIC,EQ,143.65,-1.73,1551.73,0.05,0.07
DIGISPICE,EQ,16.77,-1.7,393.54,0.39,0.07
SELECTIPO,EQ,48.44,-0.23,22.69,0.13,0.07
ATAM,EQ,60.55,2.57,69.41,0.11,0.07
GROWWN200,EQ,11.49,-0.52,16.57,0.57,0.06
SHREYANIND,EQ,131.99,1.32,182.48,0.05,0.06
HITECHGEAR,BE,541.1,-1.62,1018,0.01,0.06
SAKUMA,EQ,1.61,-0.62,252.4,4.03,0.06
PRAMARA,SM,107,-0.7,149.2,0.06,0.06
KRITINUT,EQ,85.95,4.61,430.64,0.08,0.06
SONAMAC,SM,33.75,-4.93,46.32,0.19,0.06
BANG,EQ,28.4,-0.6,38.51,0.22,0.06
TOP20,EQ,9.01,-0.66,15.03,0.71,0.06
SUNDARAM,EQ,1.12,7.69,53.07,5.77,0.06
MAHESHWARI,BE,72.65,0.21,215.02,0.09,0.06
NDL,EQ,2.3,-0.86,331.54,2.75,0.06
TRANSWORLD,BE,154.1,-1.06,338.37,0.04,0.06
ACGL,EQ,1810.1,-0.73,1102.1,0,0.06
GENSOL,BZ,16.8,1.08,63.84,0.38,0.06
RAJSREESUG,EQ,33.2,1.62,110.01,0.19,0.06
XELPMOC,EQ,80.01,-2.72,118.59,0.08,0.06
ABSLNN50ET,EQ,78.5,0.03,54.94,0.08,0.06
SHYAMCENT,BE,4.91,-1.6,104.18,1.3,0.06
ASHIMASYN,EQ,17.46,1.93,334.64,0.35,0.06
ALANKIT,EQ,8.2,-1.09,222.35,0.75,0.06
MOHEALTH,EQ,51.6,-0.31,44.2,0.12,0.06
BEACON,SM,86.35,-1.88,155.99,0.07,0.06
WATERBASE,EQ,47.7,1.53,197.61,0.13,0.06
AAATECH,EQ,91.61,-0.62,117.51,0.07,0.06
SHREEOSFM,SM,59,-0.67,90.88,0.1,0.06
VERA,SM,82.1,4.92,40.52,0.07,0.06
VISHWARAJ,EQ,5.39,1.89,117.41,1.12,0.06
UNITEDPOLY,BE,32.8,-1.53,752.81,0.18,0.06
DYNAMIC,ST,133.85,-1.58,314.79,0.04,0.06
KOTYARK,BE,38.27,-4.99,432.72,0.16,0.06
SIEL,EQ,35.06,9.94,48.56,0.17,0.06
FCONSUMER,BZ,0.24,-4,47.93,24.61,0.06
SGBFEB29XI,GB,15102.91,0.79,1854.51,0,0.06
INFINIUM,SM,238.5,-0.52,371.66,0.03,0.06
ETL,SM,970.25,-5.71,1035.38,0.01,0.06
ITL,EQ,330.05,0.08,105.76,0.02,0.06
MOM50,EQ,254.91,0.26,83.48,0.02,0.06
NAHARPOLY,EQ,239.7,-1.48,589.37,0.02,0.06
ELM250,EQ,16.88,-0.18,165.99,0.35,0.06
CGRAPHICS,SM,145,-1.36,352.15,0.04,0.06
GFSTEELS,BE,15,0,45.65,0.39,0.06
BANARISUG,EQ,3460.9,0.32,4339.86,0,0.06
QUINT,EQ,37.55,-0.03,177.27,0.15,0.06
1050UCL28,NH,1006.61,-2.71,55.3,0.01,0.06
SATKARTAR,SM,121,0,191.12,0.05,0.06
RCDL,SM,27,-2.53,64.57,0.21,0.06
TGL,ST,19.05,-4.99,22.86,0.3,0.06
743GS2076,GS,100.5,-0.4,71355,0.06,0.06
ANUHPHR,EQ,76.1,-0.14,762.7,0.08,0.06
RPPL,BE,24,2.87,178.19,0.24,0.06
INDOWIND,EQ,8.8,-0.11,141.68,0.65,0.06
VINYLINDIA,EQ,239.96,0.55,440.02,0.02,0.06
LINC,EQ,97.59,-0.34,580.55,0.06,0.06
VAISHALI,EQ,8.56,0.59,111.68,0.66,0.06
ORCHASP,EQ,1.4,-4.11,48.5,4.07,0.06
888REC29,NF,1140,0,333.5,0.01,0.06
892NHPC33,N6,1264,-0.47,320.58,0,0.06
HMT,BZ,60,2.15,4562.1,0.09,0.06
EBBETF0433,EQ,1320.75,0.3,6361.49,0,0.06
UFO,EQ,66.45,-1.03,257.99,0.08,0.06
INTENTECH,EQ,80.03,-0.39,189.08,0.07,0.06
891NTPC33,N6,1280,0.31,511.96,0,0.06
AVANA,ST,140,-3.38,317.04,0.04,0.06
ASMS,BE,6.9,-2.13,210.16,0.8,0.06
UMA,SM,15.55,3.67,31.53,0.36,0.06
CMNL,SM,107,0,258.24,0.05,0.06
SHEKHAWATI,BE,18.38,-4.91,63.36,0.3,0.06
RUBFILA,EQ,66.3,-0.72,359.79,0.08,0.06
ELCIDIN,EQ,110000,-0.35,2200,0,0.06
SENSEXETF,EQ,80.12,-0.57,42.02,0.07,0.05
HVAX,SM,609,0.66,169.11,0.01,0.05
HIGREEN,SM,133.05,-2.13,332.49,0.04,0.05
GEECEE,BE,364,-2.05,761.19,0.01,0.05
BASML,BE,24.3,-1.78,194.21,0.22,0.05
K2INFRA,ST,52.95,4.85,66.81,0.1,0.05
GOLDTECH,BE,47.5,-2.26,248.24,0.11,0.05
OILCOUNTUB,BE,58.51,-1,304.19,0.09,0.05
UDAYJEW,EQ,143.5,1.77,482.2,0.04,0.05
CEMNTGROWW,EQ,14.99,-0.07,7.63,0.35,0.05
COMFINTE,EQ,6.53,-1.51,208.92,0.8,0.05
DELPHIFX,BE,6.67,0.15,163.59,0.8,0.05
MOINFRA,EQ,59.52,-0.7,3.01,0.09,0.05
VISHNUINFR,SM,151.9,1.4,393.81,0.04,0.05
AHLADA,EQ,37,-3.55,47.81,0.14,0.05
KICL,EQ,5292.5,-0.24,2310.34,0,0.05
SMALLGROWW,EQ,48.3,-0.82,6.99,0.11,0.05
EIFFL,BE,269,-2.07,667.12,0.02,0.05
JETFREIGHT,EQ,22.59,1.62,104.83,0.23,0.05
SEKURITIND,EQ,119,0.04,1084.16,0.04,0.05
SOFTTECH,EQ,432,0.81,597.98,0.01,0.05
CYBERTECH,BE,134.8,0.64,409.53,0.04,0.05
AXITA,EQ,7.34,0.96,280.92,0.7,0.05
MOALPHA50,EQ,55.87,-0.5,3.52,0.09,0.05
KKJEWELS,SM,102.5,-1.44,107.47,0.05,0.05
KAMOPAINTS,EQ,4.45,-1.98,146.41,1.15,0.05
HEALTHX,EQ,289.95,-0.07,922.35,0.02,0.05
GLOBE,EQ,2.01,1.01,90.53,2.54,0.05
885IIFL29,Y8,1010,0,200.64,0.01,0.05
STEELCITY,EQ,81.77,-2.11,123.53,0.06,0.05
VIPCLOTHNG,EQ,20.55,2.04,185.22,0.25,0.05
INNOVANA,EQ,315.05,-1.36,650.89,0.02,0.05
SHIVASHRIT,SM,125,0,228.36,0.04,0.05
MANAKSIA,EQ,58.51,-0.83,383.44,0.08,0.05
GENUSPAPER,EQ,11.18,0.81,287.47,0.45,0.05
SWISSMLTRY,EQ,14.33,0.07,338.39,0.36,0.05
SENSEXBETA,EQ,859,-0.44,57109.85,0.01,0.05
TOTAL,EQ,63.91,-0.41,103.07,0.08,0.05
PANSARI,EQ,314,0.74,547.83,0.02,0.05
SAHLIBHFI,EQ,74.65,0.61,230.58,0.06,0.05
RAMANEWS,EQ,32.5,2.78,479.45,0.15,0.05
SINCLAIR,EQ,74.85,0.36,383.68,0.06,0.05
SUMIT,EQ,50.8,-0.51,243.12,0.09,0.05
SURANASOL,EQ,25.55,-0.2,125.72,0.19,0.05
SPUNWEB,SM,99,0,238.62,0.05,0.05
BHARATGEAR,BE,102.23,-1.02,156.97,0.05,0.05
TROM,SM,55.05,-0.72,50.62,0.08,0.05
NAGAFERT,BZ,2.26,-4.64,135.16,2.09,0.05
870IIFL28,Y7,1015,0.09,441.08,0,0.05
POLYSIL,SM,67.45,-4.93,178.78,0.07,0.05
WIPL,EQ,165.01,-1.77,140.05,0.03,0.05
PRESSTONIC,SM,29.25,-1.35,44.58,0.16,0.05
SGBJU29III,GB,15145,1,2240.3,0,0.05
ANIKINDS,EQ,42.65,-0.09,118.37,0.11,0.05
VISHAL,EQ,18.28,0.61,452.63,0.25,0.05
GIRIRAJ,SM,68.8,4.96,164.57,0.07,0.05
HINDCOMPOS,EQ,411.15,0.22,607.23,0.01,0.05
AROGRANITE,EQ,24.29,-4.26,37.16,0.18,0.05
BEEKAY,EQ,433.95,-0.32,827.63,0.01,0.05
AMAL,EQ,750,0.66,927.2,0.01,0.05
840IRFC29,N8,1096,0.09,1194.84,0,0.05
ARIHANTSUP,EQ,254.6,2.85,1101.14,0.02,0.04
VELJAN,BE,1777.7,-2.55,799.97,0,0.04
NTCIND,EQ,144,-0.69,209.07,0.03,0.04
LAMOSAIC,ST,56.5,0,58.41,0.08,0.04
NETF,EQ,264.65,-0.07,722.97,0.02,0.04
WOL3D,ST,150.9,4.43,97.36,0.03,0.04
VHL,EQ,3447.4,0.24,1100.25,0,0.04
ZENITHSTL,EQ,5.59,0,79.53,0.8,0.04
QUESTLAB,SM,89,-2.68,145.85,0.05,0.04
96IIFL28A,NF,1000.5,-0.25,328.19,0,0.04
FAIRCHEMOR,BE,687.4,-2,865.84,0.01,0.04
ELGNZ,SM,85.1,-1.1,192.32,0.05,0.04
MLKFOOD,EQ,81,1.21,207.33,0.05,0.04
MAZDA,BE,233.33,-0.78,467.24,0.02,0.04
LAGNAM,EQ,78.4,-0.49,138.52,0.05,0.04
NEUEON,BE,17.81,4.95,1007.06,0.24,0.04
SUPERHOUSE,EQ,166.22,-1.95,183.26,0.03,0.04
SWARNSAR,EQ,35.9,7.55,74.95,0.12,0.04
ORIRAIL,EQ,110.75,0.73,742.68,0.04,0.04
PAVNAIND,EQ,18.16,1.23,253.39,0.23,0.04
SADHAV,SM,118.25,0.85,190.77,0.04,0.04
CTE,EQ,40.77,5,80.04,0.1,0.04
ALPA,EQ,64.45,0.28,135.61,0.06,0.04
862AEL31,NM,1006,0.08,51.27,0,0.04
VERTOZ,BE,35.55,-0.08,302.99,0.12,0.04
875AEL29,NK,1050,0.48,416.18,0,0.04
ESSENTIA,EQ,1.32,-4.35,231.7,3.16,0.04
SANGANI,SM,55.45,0,76.39,0.07,0.04
MAITREYA,SM,112.55,-7.75,76.26,0.04,0.04
CRSL,EQ,2.13,-0.47,90.13,1.98,0.04
VIVIMEDLAB,BE,5,1.83,41.46,0.82,0.04
SMARTEN,ST,50.45,4.99,95.86,0.08,0.04
KONSTELEC,ST,57,-2.9,86.07,0.07,0.04
MBLINFRA,EQ,24.54,-0.28,374.31,0.17,0.04
AIROLAM,EQ,88,0.81,132.02,0.05,0.04
PODDARMENT,EQ,258.25,-2.25,274,0.02,0.04
ABMINTLLTD,EQ,56.2,-9.99,52.87,0.07,0.04
FMNL,BE,8.73,-4.9,52.94,0.45,0.04
NGIL,BE,40.99,-3.01,71.89,0.1,0.04
NRVANDANA,ST,66.2,-4.06,154.21,0.06,0.04
NATHBIOGEN,EQ,154.24,-0.53,293.12,0.03,0.04
12AFIL27,N0,9890,0.1,49.45,0,0.04
HDFCNIF100,EQ,26.31,-0.23,75.48,0.15,0.04
SBINMID150,EQ,23.5,-0.47,14.09,0.17,0.04
GKWLIMITED,EQ,1601,-0.5,955.24,0,0.04
RAJMET,EQ,3.2,-0.31,88.47,1.22,0.04
MADHAVIPL,EQ,7.13,0.85,192.21,0.55,0.04
NIFTYBETF,EQ,250,-0.62,195.27,0.02,0.04
DOLLEX,SM,32.25,0.31,128.83,0.12,0.04
RVHL,EQ,42.82,-1.5,262.6,0.09,0.04
ENFUSE,SM,160.2,-2.94,141.74,0.02,0.04
724GS2055,GS,99,-2.65,106920,0.04,0.04
BSLSENETFG,EQ,78.16,0.03,272.29,0.05,0.04
DCG,SM,53.05,-3.46,96.28,0.07,0.04
UNITEDTEA,EQ,460,0.37,229.84,0.01,0.04
NEXT50ETF,EQ,75.03,-0.28,20.72,0.05,0.04
VALUE360,SM,77,-4.29,123.89,0.05,0.04
GML,SM,18.85,-4.8,28.6,0.2,0.04
ALMONDZ,EQ,14.25,-0.35,249.23,0.26,0.04
LTGILTCASE,EQ,30.63,-0.23,118.85,0.12,0.04
GROWWNXT50,EQ,74.62,-0.04,9.07,0.05,0.04
JHS,EQ,8.73,-2.46,76.31,0.42,0.04
SBGLP,EQ,25.15,-1.45,436.14,0.15,0.04
SEL,SM,310.05,-1.51,71.89,0.01,0.04
RELIABLE,EQ,137.99,-1.34,142.41,0.03,0.04
VIJSOLX,EQ,708,-0.76,226.65,0.01,0.04
BRIGHTBR,EQ,225,-6.52,127.81,0.02,0.04
GLOSTERLTD,EQ,626,-1.36,685.05,0.01,0.04
CONSOFINVT,BE,270,0,872.81,0.01,0.04
AKSHAR,EQ,0.42,2.44,33.07,8.89,0.04
VIJAYPD,SM,60,2.48,117.17,0.06,0.04
BANKPSU,EQ,87.04,-1.08,48.45,0.04,0.04
EBIX,EQ,16.8,-1.06,360.01,0.22,0.04
INVENTURE,EQ,0.91,-1.09,95.55,3.93,0.04
CANARYS,SM,22.3,0.22,131,0.16,0.04
CONSUMIETF,EQ,125.61,-0.31,52.73,0.03,0.04
ABMKNO,EQ,197,-1.39,394.04,0.02,0.04
MANDEEP,SM,19.9,3.65,22.76,0.18,0.04
THEINVEST,EQ,96.49,-3.5,504.09,0.04,0.04
VSCL,SM,23.05,-3.56,34.58,0.15,0.04
VTMLTD,EQ,47.5,1.54,477.7,0.07,0.03
ARABIAN,SM,86.95,4.76,94.71,0.04,0.03
NIRMAN,SM,31.7,3.59,25.39,0.11,0.03
INDOKEM,EQ,591.3,-4.5,1649.03,0.01,0.03
SHIVACEM,EQ,17.3,2.49,510.35,0.2,0.03
SPCL,SM,63.85,0.71,153.98,0.05,0.03
INSUREIETF,EQ,15.47,0,45.03,0.22,0.03
PERMAGN,EQ,803.2,-3.51,690.63,0,0.03
ESENSEX,EQ,78.4,-0.44,14.89,0.04,0.03
PILITA,EQ,8.12,-4.25,190.82,0.41,0.03
THAKDEV,EQ,147.55,0.73,132.8,0.02,0.03
GOYALALUM,EQ,6.45,-0.92,92.06,0.54,0.03
PREMIUM,SM,37.5,-2.6,71.61,0.09,0.03
OMFREIGHT,BE,94.2,-2.99,317.22,0.04,0.03
ONMOBILE,BE,61.77,-2,656.95,0.05,0.03
SMLT,EQ,70.48,-1.58,96.49,0.05,0.03
EXCELLENT,ST,210,-2.33,93.87,0.02,0.03
PARSVNATH,BE,1.47,-2,63.97,2.29,0.03
BEARDSELL,EQ,25,1.13,98.59,0.14,0.03
GROBTEA,EQ,955.4,-0.28,111.05,0,0.03
GSEC5IETF,EQ,66.87,0.77,20.92,0.05,0.03
TARAPUR,EQ,14.94,3.18,29.13,0.22,0.03
NIPPOBATRY,EQ,331.1,0.29,248.32,0.01,0.03
VLEGOV,BE,9.73,-1.92,105.52,0.34,0.03
MUKTAARTS,BE,58.79,4.05,132.78,0.06,0.03
21STCENMGM,EQ,43.63,-0.95,45.81,0.07,0.03
SHRJAGP,EQ,708,-7.03,620.07,0,0.03
890AEL31,NN,1052,-0.28,214.77,0,0.03
ATLASCYCLE,EQ,97.99,1.64,63.73,0.03,0.03
ANMOL,EQ,9.99,-1.67,56.86,0.33,0.03
FORCAS,ST,203,0.07,356.87,0.02,0.03
PRAKASHSTL,EQ,3.9,-1.02,68.25,0.83,0.03
TOUCHWOOD,EQ,61.4,-5.16,68.04,0.05,0.03
79NHIT40,N2,310,-0.19,465,0.01,0.03
ENKEIWHEL,EQ,385,-2.63,692.03,0.01,0.03
IPHL,SM,67.05,3,167.56,0.05,0.03
695GS2061,GS,94,0,138180,0.03,0.03
LOVABLE,EQ,72.3,-0.55,107,0.04,0.03
ISFT,EQ,80.6,-2.1,131.47,0.04,0.03
DPSCLTD,BE,7.24,-1.09,705.02,0.44,0.03
TECHLABS,SM,119,0.46,205.64,0.03,0.03
830NHAI27,N2,1084.5,0.08,3560.44,0,0.03
HEALTHCARE,EQ,21.53,-0.19,13.92,0.14,0.03
OSWALAGRO,EQ,37.16,-1.64,498.82,0.08,0.03
ROSSELLIND,EQ,56.37,1.42,212.5,0.06,0.03
ZFSTEERING,EQ,668,0.79,606.1,0,0.03
RILINFRA,SM,37.95,2.57,70.61,0.08,0.03
VISDEM,SM,85.85,0,88.19,0.04,0.03
JAYAGROGN,EQ,222.28,-0.12,666.84,0.01,0.03
FLEXITUFF,BE,3.04,-4.7,9.98,1,0.03
DGCONTENT,EQ,24.49,-0.33,142.5,0.13,0.03
SNXT50BETA,EQ,96.5,-0.13,34.4,0.03,0.03
ELDEHSG,EQ,761.2,0.25,748.49,0,0.03
915APSBC28,N0,101000,0.2,554.49,0,0.03
BSL,EQ,122,-0.37,125.56,0.02,0.03
VARDMNPOLY,EQ,6.28,-0.32,303.34,0.48,0.03
AMCL,SM,376.15,-4.04,445.17,0.01,0.03
950ISF27A,N0,99429.19,0.34,49.71,0,0.03
GOLDBND,EQ,152.4,0.78,10.83,0.02,0.03
BMLL,SM,148,2.53,186.11,0.02,0.03
RRIL,EQ,17.3,3.53,209.7,0.17,0.03
SGBSEP27,GB,15325,1.16,962.24,0,0.03
ABSL10BANK,EQ,168.5,-0.55,374.03,0.02,0.03
RAJRILTD,BE,22.02,1.47,1224.49,0.13,0.03
SGBOCT27,GB,15200,1.08,692.78,0,0.03
LOTUSEYE,EQ,115.49,0.23,240.18,0.02,0.03
ZODIACLOTH,EQ,74.25,-1.28,203.88,0.04,0.03
CAPTRUST,BE,21.58,1.65,73.41,0.14,0.03
GSS,EQ,13,-2.55,34,0.22,0.03
ZSARACOM,EQ,12150,0.06,1331.55,0,0.03
BSHSL,EQ,88,-1.07,923.45,0.03,0.03
INDPRUD,EQ,6119.5,-2.56,1025.53,0,0.03
MARALOVER,EQ,53.5,0.75,222.07,0.05,0.03
INDBANK,EQ,32.42,-0.22,143.87,0.09,0.03
CROWN,EQ,108.79,0.79,126.09,0.03,0.03
KALANA,SM,20,4.99,26.08,0.14,0.03
STARPAPER,EQ,146.86,-0.76,229.22,0.02,0.03
DTIL,EQ,133,-1.86,139.75,0.02,0.03
DIVYADHAN,ST,46.5,-3.13,66.53,0.06,0.03
USK,EQ,21.9,2.29,121.23,0.13,0.03
HDFCVALUE,EQ,126.16,-0.65,33.45,0.02,0.03
KEYFINSERV,EQ,257,-3.82,143.06,0.01,0.03
DEVIT,EQ,26.05,-0.15,146.83,0.1,0.03
EMULTIMQ,EQ,42.06,-0.54,31.93,0.06,0.03
92GS2030,GS,114.78,-0.03,71031.09,0.02,0.03
NIFTYQLITY,EQ,21.91,0.05,26.09,0.12,0.03
HBSL,EQ,56.25,-2.95,40.15,0.05,0.03
CHEMBOND,EQ,177.95,-0.5,239.31,0.02,0.03
DIL,BZ,0.71,-4.05,11.55,3.79,0.03
PASHUPATI,EQ,84.9,0.3,1340.06,0.03,0.03
DELAPLEX,SM,88.9,-1.22,81.42,0.03,0.03
COMMITTED,SM,335,-3.74,390.93,0.01,0.03
KOTHARIPRO,EQ,68.5,-0.7,408.86,0.04,0.03
COUNCODOS,BE,6.41,-0.62,49.74,0.4,0.03
MANGALAM,EQ,27.56,-1.82,43.62,0.09,0.03
KRITIKA,EQ,5.53,-1.07,147.25,0.47,0.03
BENGALASM,EQ,6180.5,-0.48,7048.18,0,0.03
SMALLADD,EQ,18.38,-0.33,7.93,0.14,0.03
TCIFINANCE,BE,15.54,2.24,20,0.17,0.03
SHAHALLOYS,EQ,71.99,-0.17,142.52,0.04,0.03
SGBJAN30IX,GB,15179.99,0.83,3541.78,0,0.03
CINELINE,EQ,88.94,-0.95,304.77,0.03,0.03
CONS,EQ,12.5,-0.4,36.13,0.2,0.03
HGM,EQ,45.9,-0.35,57.81,0.05,0.03
KRISHCA,SM,170,-2.19,270.77,0.01,0.03
SURANI,SM,93,-6.95,144.6,0.03,0.03
PAR,EQ,100.98,-1.24,124.25,0.02,0.02
SMARTLINK,BE,227,0.66,226.43,0.01,0.02
MONIFTY100,EQ,25.68,-0.47,16.85,0.1,0.02
GREENCHEF,SM,52.4,9.97,121.94,0.05,0.02
MANBRO,EQ,53.05,-1.27,307.75,0.05,0.02
SHRADHA,EQ,34.2,-0.73,277.01,0.07,0.02
SRIVASAVI,ST,84,5,119.06,0.03,0.02
NAVKARURB,BE,1.01,2.02,113.33,2.44,0.02
SEMAC,EQ,315.95,-3.08,98.49,0.01,0.02
FMCGADD,EQ,48.45,-0.9,5.99,0.05,0.02
943ECL28,NJ,1000.99,-0.13,59.19,0,0.02
FLEXIADD,EQ,10.3,-0.29,14.8,0.23,0.02
BBNPPGOLD,EQ,148.4,1.5,338.05,0.02,0.02
SBINEQWETF,EQ,33.84,-0.44,40.58,0.07,0.02
VIJIFIN,BE,12.63,1.94,179.98,0.19,0.02
JISLDVREQS,EQ,21.06,0.19,40.63,0.11,0.02
TGBHOTELS,EQ,9.55,0.21,27.97,0.25,0.02
AAKASH,EQ,8.8,0.11,89.1,0.27,0.02
SHREEDHAR,ST,117.5,0.04,251.9,0.02,0.02
LICNMID100,EQ,64,-0.71,677.69,0.04,0.02
HEADSUP,EQ,6.64,-4.18,14.66,0.36,0.02
JFLLIFE,SM,12.55,-4.92,41.41,0.18,0.02
SBIETFPB,EQ,278.56,-0.43,643.33,0.01,0.02
SSFL,ST,231.6,0,198.49,0.01,0.02
LOTUSCHO,EQ,616.9,-0.88,792.16,0,0.02
SHIVAMAUTO,BE,16.5,-1.84,216.97,0.14,0.02
SHIVAUM,EQ,445,-0.47,605.22,0.01,0.02
MOIPO,EQ,48.62,-0.29,6.08,0.05,0.02
HEALTHADD,EQ,16.61,-0.42,17.79,0.14,0.02
BANKBETF,EQ,58.35,-0.32,411.07,0.04,0.02
MKPL,EQ,4.12,-0.24,154.65,0.56,0.02
DIGJAMLMTD,EQ,50.51,0.26,101.02,0.04,0.02
SADBHIN,BE,2.8,-2.1,98.62,0.81,0.02
AMEYA,SM,112.9,2.64,84.67,0.02,0.02
ACL,EQ,45.8,-0.74,422.15,0.05,0.02
MOHITIND,EQ,23.45,-1.51,33.2,0.1,0.02
ONDOOR,SM,244.25,-0.25,170.99,0.01,0.02
MOQUALITY,EQ,205.18,-0.08,41.78,0.01,0.02
SUNRAKSHAK,EQ,370.1,-1.87,1147.56,0.01,0.02
BANKADD,EQ,58.71,-0.64,439.57,0.04,0.02
VINNY,EQ,1.06,0,49.32,2.07,0.02
ALUFLUOR,EQ,421,-3.78,329.24,0.01,0.02
AGROPHOS,EQ,27,-1.21,54.74,0.08,0.02
BVCL,EQ,40.41,-1.39,89.55,0.05,0.02
CEREBRAINT,BZ,2.53,-1.56,30.66,0.85,0.02
ENSER,SM,14.25,-0.35,124.2,0.15,0.02
79NHIT35,N1,309.9,0.19,464.85,0.01,0.02
VARDHACRLC,BE,44.75,0.31,359.63,0.05,0.02
MURUDCERA,EQ,30.55,0.16,184.97,0.07,0.02
709GS2054,GS,98.25,1.3,145410,0.02,0.02
SBIETFCON,EQ,124.97,-0.47,23.47,0.02,0.02
SHANTI,EQ,6.31,1.45,7.01,0.34,0.02
TOP15IETF,EQ,9.99,-0.79,13.19,0.21,0.02
PRANIK,SM,44,7.32,48.44,0.05,0.02
VGL,EQ,57.86,-1.36,298.14,0.04,0.02
ETML,SM,86,2.69,167.5,0.02,0.02
HDFCQUAL,EQ,59.92,-0.25,20.74,0.03,0.02
MMWL,EQ,15.5,-2.33,1755.75,0.13,0.02
ASPIRE,SM,14.35,-4.97,21.78,0.14,0.02
SBIETFQLTY,EQ,227.97,-0.37,82.89,0.01,0.02
QNIFTY,EQ,267.2,-0.6,64.17,0.01,0.02
KEEPLEARN,EQ,1.88,2.73,29.27,1.04,0.02
AGNI,SM,16.35,4.81,31.94,0.13,0.02
KLL,SM,22.3,0.68,41.32,0.09,0.02
UWCSL,SM,100.8,0,52.45,0.02,0.02
915APSBC33,N0,100661.01,-4.24,552.63,0,0.02
DNAMEDIA,EQ,2.62,0,30.84,0.8,0.02
CSSL,SM,100,0.5,240.47,0.02,0.02
BYKE,BE,31.22,0.06,163.22,0.07,0.02
ARUNAYA,SM,14.45,-1.03,25.34,0.14,0.02
VIPULLTD,BE,14.58,1.96,205.52,0.14,0.02
93SCL24A,ZN,1000.4,0,6.15,0,0.02
DCM,BE,82,-0.8,153.16,0.02,0.02
NECCLTD,BE,15,-0.66,156.75,0.13,0.02
QVCEL,SM,25.15,1,26.28,0.08,0.02
HEALTHAXIS,EQ,167.58,-0.14,25.21,0.01,0.02
ONIXSOLAR,EQ,375.4,-5,1384.02,0.01,0.02
RACE,EQ,101.98,1.91,175.99,0.02,0.02
OMFURN,SM,54.3,-4.74,63.93,0.04,0.02
VOITHPAPR,EQ,1519,4.34,667.23,0,0.02
SUTLEJTEX,BE,38.39,0.79,628.94,0.05,0.02
BHANDARI,EQ,2.9,1.4,96.56,0.68,0.02
ABCOTS,EQ,199.9,0.45,439.05,0.01,0.02
10MWL29,N0,97122.5,-1.65,48.56,0,0.02
VICTORYEV,ST,16.45,1.86,39.63,0.12,0.02
DHRUV,EQ,25.05,4.51,47.51,0.08,0.02
VALUE,EQ,16.17,0.06,13.72,0.12,0.02
MORARJEE,BZ,10.2,-4.49,37.06,0.19,0.02
QUICKTOUCH,SM,18.15,-4.97,23.26,0.1,0.02
NAMAN,SM,38.95,-4.88,50.89,0.05,0.02
INTEGRITY,ST,158,-1.25,69.52,0.01,0.02
VDEAL,SM,158,0,77.27,0.01,0.02
ADDICTIVE,SM,40.9,-2.97,65.07,0.04,0.02
RNPL,SM,78.85,-5,95.29,0.02,0.02
DRCSYSTEMS,EQ,12.93,1.09,186.3,0.15,0.02
ELMDIV,EQ,36.9,0.08,20.69,0.05,0.02
SVPGLOB,EQ,3.77,-4.56,47.69,0.49,0.02
SUNSHIEL,EQ,1251,-0.54,1100.23,0,0.02
842IIFL26,NL,993.25,-0.58,146.26,0,0.02
ABCL26,N3,1220.2,-0.47,13.09,0,0.02
YASHOPTICS,SM,113.5,-0.44,281.09,0.02,0.02
871REC28,N9,1117,-0.2,1308.54,0,0.02
PARASPETRO,EQ,2.28,-3.39,76.2,0.78,0.02
AZADIND,EQ,92,0.87,500.88,0.02,0.02
CREST,EQ,357,-1.05,1015.66,0.01,0.02
HSBCGOLD,EQ,132.92,1.14,682.79,0.01,0.02
AGSTRA,BZ,2.03,1,26.07,0.88,0.02
KAMANWALA,EQ,18,9.09,25.37,0.1,0.02
LICNETFGSC,EQ,29.55,-0.61,1929.24,0.06,0.02
SHIVATEX,EQ,162.99,0.19,211.28,0.01,0.02
PARIN,SM,713,-2.06,792.71,0,0.02
GAYAHWS,EQ,1.89,0,45.29,0.94,0.02
753NTPC30E,NC,1132,0,54.67,0,0.02
AKASH,EQ,25,1.63,42.16,0.07,0.02
NBIFIN,EQ,2081,-0.55,614.9,0,0.02
ODIGMA,EQ,22.4,-0.84,70.02,0.08,0.02
VOLERCAR,SM,218,-1.58,242.93,0.01,0.02
182D110227,TB,97.2,-0.12,11469.6,0.02,0.02
GJL,ST,217.95,-4.97,316.18,0.01,0.02
GILLANDERS,EQ,88.46,-0.61,188.79,0.02,0.02
LFIC,EQ,139.95,-0.19,41.98,0.01,0.02
CELEBRITY,EQ,6.89,1.77,44.47,0.26,0.02
SLONE,ST,141.7,0,74.66,0.01,0.02
HDFCNIMEG,EQ,129.78,-0.07,121.84,0.01,0.02
MIDQ50ADD,EQ,25.61,-0.27,101.33,0.07,0.02
SAMAY,ST,42.25,-2.54,64.85,0.04,0.02
KAUSHALYA,BE,900,-0.79,31.17,0,0.02
GATECHDVR,BE,0.51,4.08,9.67,3.37,0.02
SGBOCT27VI,GB,15200,0.92,1053.68,0,0.02
CHOICEGOLD,EQ,151.87,1.22,52.39,0.01,0.02
EMAMIREAL,EQ,75.9,0.84,394.94,0.02,0.02
BALAJEE,EQ,27.5,-0.76,224.32,0.06,0.02
SHEETAL,SM,328.05,0.44,375.81,0.01,0.02
EMPIND,EQ,1070,-1.29,642,0,0.02
VMOBILE,SM,68.1,0.89,42.02,0.02,0.02
VIRINCHI,EQ,15.33,3.02,169.48,0.11,0.02
SPCON,SM,135,5.43,106.12,0.01,0.02
AMARJOTHI,EQ,155,-0.39,104.63,0.01,0.02
CYBERMEDIA,EQ,16.81,1.94,34.73,0.1,0.02
SIGNORIA,ST,160,-1.84,76.13,0.01,0.02
MOHITE,EQ,2.4,-10.45,48.24,0.7,0.02
NEXT50ADD,EQ,74.88,-0.29,9.15,0.02,0.02
HALEOSLABS,EQ,1469.4,-1.01,444.24,0,0.02
SUNTECH,ST,33.05,-0.3,63.99,0.05,0.02
AGRITECH,EQ,103.9,-1.51,61.72,0.02,0.02
MADHUCON,BE,5.22,-1.51,38.52,0.28,0.02
AEPL,EQ,14.91,-2.55,374.3,0.1,0.02
MITTAL,EQ,0.9,-1.1,39.96,1.73,0.02
UNIONGOLD,EQ,149.35,1.12,292.11,0.01,0.02
BONLON,EQ,42.49,0.12,69.61,0.04,0.02
PATINTLOG,BE,13.97,0.43,89.67,0.11,0.02
OPTIFIN,EQ,11.8,-0.42,88.17,0.13,0.02
SINTERCOM,EQ,78.81,-4.43,216.95,0.02,0.02
DIGIDRIVE,EQ,17.2,-0.58,66.33,0.09,0.02
BAGFILMS,EQ,4.5,-0.44,97.99,0.34,0.02
865TCAPS27,N8,1017.95,0.49,611.17,0,0.02
NATIONSTD,EQ,141.05,-5,282.1,0.01,0.02
IVZINNIFTY,EQ,279.15,-0.2,93.42,0.01,0.02
NPBET,EQ,281.8,-0.58,19.27,0.01,0.02
VEDAVAAG,EQ,19.23,-0.36,45.12,0.08,0.02
SGBJ28VIII,GB,15011.02,0.41,783.75,0,0.02
COMPEAU,EQ,350.4,-0.74,224.59,0,0.01
NMSTEEL,SM,23.05,-2.12,39.85,0.06,0.01
HYBRIDFIN,BE,18.3,4.75,53.87,0.08,0.01
AKG,EQ,8.75,0.34,27.8,0.17,0.01
VIGOR,ST,92.5,1.7,95.75,0.02,0.01
ANYA,SM,14.75,-2.64,177,0.1,0.01
GROWWMC150,EQ,233.72,-1,6.44,0.01,0.01
MTEDUCARE,BE,1.8,-3.74,13,0.79,0.01
MEGASTAR,EQ,312.1,-1.11,352.48,0,0.01
ARCIIL,SM,38.25,1.19,39.39,0.04,0.01
MITCON,BE,75.66,-4.94,131.79,0.02,0.01
KHFM,SM,48.6,-0.1,112.32,0.03,0.01
TVSMNCRPS,P1,10.55,0.48,2004.87,0.14,0.01
DELTAMAGNT,EQ,59.39,1.52,64.44,0.03,0.01
865IRFC29,NA,1097,-0.99,755.13,0,0.01
NORBTEAEXP,EQ,66.17,5,102.86,0.02,0.01
IL&FSENGG,BZ,36,-1.99,472.04,0.04,0.01
PRITI,BE,34.72,-2.99,46.36,0.04,0.01
CIFL,EQ,21.15,-0.09,827.08,0.07,0.01
GVPTECH,EQ,7.03,-0.57,128.4,0.2,0.01
SURYALA,EQ,374.5,-0.37,159.8,0,0.01
NAHARCAP,EQ,256.7,0.25,429.87,0.01,0.01
BIOFILCHEM,EQ,31.5,-1.07,51.26,0.04,0.01
DIVIDEND,EQ,35.75,-0.61,15.32,0.04,0.01
UMIYA-MRO,EQ,88.37,-1.47,165.12,0.02,0.01
NEWJAISA,ST,18,1.69,64.39,0.07,0.01
ESG,EQ,41.85,-0.5,98.93,0.03,0.01
875NHAI29,N6,1118,-0.51,1330.2,0,0.01
PULZ,SM,22.5,-0.22,49.07,0.06,0.01
PALREDTEC,BE,53,2.32,64.83,0.03,0.01
BIMETAL,EQ,628,-0.1,240.21,0,0.01
ORIENTLTD,BE,75.45,1.81,75.45,0.02,0.01
MIDCAPBETA,EQ,236.94,-0.12,13.43,0.01,0.01
TVVISION,BE,4.04,-2.65,15.65,0.33,0.01
BEDMUTHA,EQ,110.75,-2.53,357.32,0.01,0.01
PML,EQ,490,0,151.12,0,0.01
MAGNUM,EQ,19.25,1.16,131.69,0.07,0.01
GOYALSALT,SM,107,0,191.53,0.01,0.01
BNKETFAXIS,EQ,591.32,-0.68,331.63,0,0.01
KORE,SM,170,-3.95,206.13,0.01,0.01
ORIENTALTL,EQ,5.09,-0.78,37.42,0.25,0.01
SHBAJRG,EQ,169.2,-2.65,152.28,0.01,0.01
KREBSBIO,EQ,55.01,0.75,118.6,0.02,0.01
MADHAV,EQ,35.9,2.45,32.12,0.04,0.01
MIEL,SM,12.6,-3.08,22.17,0.1,0.01
HDIL,BZ,1.52,-0.65,72.05,0.82,0.01
CHAMUNDA,SM,41.5,1.22,45.67,0.03,0.01
VIVOBIOT,EQ,19.16,-4.68,42.52,0.06,0.01
PROFX,SM,77,-3.75,134.78,0.02,0.01
BALKRISHNA,EQ,17.6,0.34,56.71,0.07,0.01
ANTGRAPHIC,EQ,0.73,0,11.32,1.66,0.01
VGCL,EQ,61,1.72,139.74,0.02,0.01
DUGLOBAL,SM,24,-4,172.66,0.05,0.01
SAMPANN,EQ,26.15,-0.49,127.64,0.05,0.01
PRUDMOULI,BE,13.41,0.45,43.25,0.09,0.01
JENBURPH,EQ,1046,-1.49,461.63,0,0.01
SGBAUG27,GB,15100,-0.21,1547.5,0,0.01
WORTHPERI,EQ,152.39,-1.37,240.03,0.01,0.01
SBIVALETF,EQ,14.85,-0.47,5.92,0.08,0.01
ABHAPOWER,SM,24.45,-4.68,45.45,0.05,0.01
SATTVAENGG,SM,74,-0.54,129.27,0.02,0.01
DHATRE,EQ,3.7,1.09,40.31,0.28,0.01
87LTF27,NH,1025,0.99,17.92,0,0.01
LIBAS,EQ,9.77,0.51,25.74,0.12,0.01
ITBETA,EQ,325.04,-1.15,6.74,0,0.01
ALKALI,BE,65,-2.8,66.19,0.02,0.01
INVICTA,SM,73,0,91.78,0.02,0.01
TUTIALKA,EQ,56.8,-0.11,692.03,0.02,0.01
ARMOUR,ST,18.1,-2.69,30.53,0.06,0.01
735NABAR31,N1,1115,0,1508.33,0,0.01
WELINV,BE,1875,1.46,685.21,0,0.01
1065NFL27,NC,1011,0.1,95.33,0,0.01
MDL,ST,56,-3.2,99.34,0.02,0.01
INFOMEDIA,EQ,5.39,4.46,27.05,0.22,0.01
VADILENT,EQ,10002,-3.47,862.84,0,0.01
BALCO,SM,18.9,5,8.26,0.06,0.01
89IHFL29,N1,979.99,0.82,14.91,0,0.01
ADL,EQ,69.88,0.49,38.9,0.02,0.01
ACCURACY,BE,4.7,-2.69,70.76,0.23,0.01
SIDDHIKA,SM,215.05,0,132.88,0.01,0.01
ESPRIT,SM,67,-1.47,147.03,0.02,0.01
SATIPOLY,ST,42.75,-4.89,21.15,0.03,0.01
905PFL26,N1,1064,-0.19,139.75,0,0.01
HINDCON,EQ,22.13,-2.55,113.28,0.05,0.01
GRANDOAK,EQ,37.7,-1.41,1956.19,0.03,0.01
PRISMX,EQ,0.58,0,25.47,1.92,0.01
AVIANSH,SM,105,0.24,146.76,0.01,0.01
1015ECL29,NR,1015,-0.5,112.77,0,0.01
STUDIOLSD,SM,8.95,3.47,46.44,0.12,0.01
897MOFSL29,N4,1029,-0.58,97.9,0,0.01
BRACEPORT,SM,65,0,73.46,0.02,0.01
865IIFL28,NS,988.13,-0.59,156.39,0,0.01
AUSL,SM,25.2,-4.91,62.59,0.04,0.01
NITIRAJ,EQ,207.4,0.73,212.61,0.01,0.01
SCL0182025,NC,1032,-0.05,6.9,0,0.01
MUNISH,SM,85.5,0.47,205.8,0.01,0.01
AHLWEST,BE,560,1.82,652.47,0,0.01
VASUPRADA,EQ,96,-4.97,79.53,0.01,0.01
DHTL,SM,31.55,-4.83,9.92,0.03,0.01
BURNPUR,BE,17.41,-4.97,29.99,0.06,0.01
IIFL60326,YB,1005,-0.99,26.24,0,0.01
RAJINDLTD,SM,67,-1.47,148.84,0.01,0.01
SEYAIND,BE,12.53,1.95,33.29,0.08,0.01
985ECL28,NK,1001,-0.21,272.4,0,0.01
1225DCCL27,N0,100098.11,0,10.01,0,0.01
113ESFB31,N0,100000,0,50,0,0.01
LAXMICOT,EQ,13.85,3.2,23.75,0.07,0.01
NIBL,EQ,33.86,1.71,82.04,0.03,0.01
EASTSILK,BE,58.9,-1.11,29.45,0.02,0.01
XTGLOBAL,EQ,30.29,-1.37,406.26,0.03,0.01
9SCL27,N2,990,0.4,10.32,0,0.01
TNTELE,EQ,9.08,0.44,41.47,0.11,0.01
AUSOMENT,EQ,145,-1.4,197.54,0.01,0.01
820IIFL27,N9,988.01,-1.19,52.02,0,0.01
LOYALTEX,EQ,220,0.82,105.96,0,0.01
91D121126,TB,98.1,-0.46,16775.1,0.01,0.01
INM,SM,164.05,0,229.52,0.01,0.01
MON50EQUAL,EQ,33.78,-0.35,159.41,0.03,0.01
LEXUS,EQ,13.94,2.73,28.98,0.07,0.01
125VCCL31,N0,98000,0,68.6,0,0.01
REGENCERAM,EQ,35.98,-0.91,95.14,0.03,0.01
ADVIKCA,EQ,1.2,-1.64,73.02,0.83,0.01
BALAXI,EQ,24.23,0.96,133.77,0.04,0.01
MARCO,SM,31.95,0,59.74,0.03,0.01
SCL01825,N6,1051.2,-1.57,7.35,0,0.01
URAVIDEF,BE,108.4,-0.39,123.58,0.01,0.01
PPSL,SM,2.85,-5,8.35,0.33,0.01
SNXT30BEES,EQ,43.56,-0.41,6.72,0.02,0.01
ENERGYDEV,EQ,16.63,-1.31,78.99,0.06,0.01
BANKA,EQ,79,-3,86.36,0.01,0.01
SHIGAN,SM,62,0,126.03,0.01,0.01
PREMCO,EQ,379.7,-1.62,125.48,0,0.01
PROLIFE,SM,90.95,0,37.24,0.01,0.01
SYSTMTXC,BE,59.4,-0.52,811.04,0.02,0.01
SITINET,BZ,0.3,3.45,26.16,3.25,0.01
SGBMAR30X,GB,15144,0.36,2331.71,0,0.01
EBANKNIFTY,EQ,57.7,-0.89,3.12,0.02,0.01
TRU,EQ,4.18,2.45,49.68,0.22,0.01
LAMBODHARA,EQ,111.35,-0.17,115.55,0.01,0.01
897GS2030,GS,113,1.62,101700,0.01,0.01
NAGREEKCAP,EQ,23.52,-1.34,29.67,0.04,0.01
MILTON,SM,40.5,4.92,68.83,0.02,0.01
HBESD,EQ,74.5,-1.97,171.05,0.01,0.01
ROCKINGDCE,SM,176,-2.57,99.6,0.01,0.01
SHRIKRISH,EQ,38.5,-3.75,107.8,0.02,0.01
PRLIND,SM,43.7,1.27,99.91,0.02,0.01
ANSALAPI,BZ,3.4,-1.45,53.52,0.26,0.01
ATCENERGY,ST,24,-1.84,48.93,0.04,0.01
PVTBKGROWW,EQ,27.27,-0.87,6.88,0.03,0.01
INDTERRAIN,EQ,31.32,0.71,158.69,0.03,0.01
SAJHOTELS,ST,42.5,0,68.53,0.02,0.01
RAJTV,EQ,10.33,1.08,53.63,0.08,0.01
GUJRAFFIA,EQ,42,-2.82,22.7,0.02,0.01
SDREAMS,SM,83.55,-3.97,156.43,0.01,0.01
AARADHYA,SM,69.35,0,98.05,0.01,0.01
RETAIL,EQ,17.65,-7.25,14.48,0.05,0.01
NEXT30ADD,EQ,43.7,-0.18,47.6,0.02,0.01
GROWWLOVOL,EQ,10.52,-0.75,4.08,0.08,0.01
DUCOL,SM,101.05,0,182.48,0.01,0.01
SECURKLOUD,EQ,18.49,1.26,61.78,0.04,0.01
ASHOKAMET,EQ,13.69,-0.65,34.22,0.06,0.01
ZENITHEXPO,EQ,209.9,-2.49,113.27,0,0.01
MSCIINDIA,EQ,30.25,-0.43,1876.99,0.03,0.01
BRNL,EQ,17.36,-0.34,145.74,0.05,0.01
MALUPAPER,EQ,31.25,-1.2,53.31,0.02,0.01
AMJLAND,EQ,38.48,-2.24,157.77,0.02,0.01
UNIVPHOTO,BE,463,-2.03,506.83,0,0.01
IDFNIFTYET,EQ,268.63,0.4,3.84,0,0.01
USASEEDS,SM,86.65,-4.99,87.39,0.01,0.01
HEXATRADEX,EQ,156.4,-0.41,864.03,0,0.01
CLASSICEIL,SM,47.8,1.06,85.87,0.02,0.01
733GS2026,GS,101.65,0.06,46759,0.01,0.01
BAFNAPH,BE,252.55,-2,597.44,0,0.01
QUINTEGRA,BE,1.3,-2.26,3.49,0.57,0.01
GTECJAINX,BE,27.77,-4.21,28.3,0.03,0.01
92SFIL28,ND,1057.8,0,14.76,0,0.01
ALUWIND,SM,48.9,-1.41,121.5,0.01,0.01
AHLEAST,EQ,140.32,1.59,242.64,0.01,0.01
HISARMETAL,EQ,153.49,2.18,82.88,0,0.01
NOIDATOLL,BE,3.98,-1.24,74.11,0.18,0.01
MARINETRAN,SM,18.15,0.83,23.1,0.04,0.01
AESTHETIK,SM,71.5,0,123.12,0.01,0.01
EMETAL,EQ,13,0.31,7.37,0.06,0.01
SRGHFL,EQ,273,2.32,428.82,0,0.01
737NTPC35C,NA,1204,-12.56,219.82,0,0.01
HAVISHA,EQ,1.41,5.22,21.65,0.5,0.01
RADIOCITY,EQ,6.68,-0.45,230.92,0.1,0.01
PHOENXINTL,EQ,33.25,7.26,55.83,0.02,0.01
USHAFIN,SM,43,0,186.94,0.02,0.01
ASPINWALL,EQ,236.03,0.01,184.54,0,0.01
BBNPNBETF,EQ,57.54,-0.6,4.82,0.01,0.01
UNIENTER,EQ,95.11,-0.26,661.45,0.01,0.01
AKI,EQ,4.18,0.72,43.14,0.16,0.01
SHRENIK,BZ,0.31,0,18.97,2.11,0.01
INFRA,EQ,12.25,-0.16,11.14,0.05,0.01
GROWWPSE,EQ,98.99,0.31,17.53,0.01,0.01
EMMIL,SM,129,3.2,146.11,0.01,0.01
EKI,EQ,81.78,0.53,226.42,0.01,0.01
901NHB34,N6,6375,-0.38,848.79,0,0.01
SFML,SM,20.05,-8.66,49.78,0.03,0.01
ADROITINFO,EQ,9.82,0.1,53.65,0.06,0.01
ABANSENT,EQ,31.89,4.97,222.43,0.02,0.01
ORTINGLOBE,EQ,16.24,2.78,13.21,0.04,0.01
IWP,EQ,34,-2.75,217.51,0.02,0.01
MASON,SM,124,-0.68,296.86,0.01,0.01
SVLL,BE,756.05,-0.02,868.98,0,0.01
SENSEXADD,EQ,80.12,-0.25,3.87,0.01,0.01
MKEXIM,EQ,55.9,-0.39,225.65,0.01,0.01
MONEXT50,EQ,74.45,-0.28,22.67,0.01,0.01
81TCHF28,N8,1015,0.67,38.85,0,0.01
SSFLPP,E1,124.2,0,215.29,0,0.01
SILLYMONKS,EQ,15.34,-1.86,21.22,0.04,0.01
SGBFEB28IX,GB,15077,-0.14,612.06,0,0.01
SENSEXAXIS,EQ,80.72,-0.25,128.99,0.01,0.01
MICROPRO,SM,18.85,3.86,26.95,0.03,0.01
PARNAXLAB,EQ,118.5,-8.39,136.1,0.01,0.01
ASHALOG,SM,59.4,-0.92,80.52,0.01,0.01
LAL,EQ,8.9,1.14,153.74,0.07,0.01
CEDAAR,ST,15.25,-0.65,21.16,0.04,0.01
PARAGON,SM,49,0.93,95.87,0.01,0.01
PHOGLOBAL,SM,15.8,0,30.57,0.04,0.01
HINDALUMI,EQ,99,0.45,62.37,0.01,0.01
MOPSE,EQ,99.74,-0.65,2.09,0.01,0.01
MSCIADD,EQ,29.84,-0.5,2.77,0.02,0.01
GROWWPSUBK,EQ,86.22,-1.51,6.19,0.01,0.01
MPEL,ST,34.85,0,27.1,0.02,0.01
GANGESSECU,EQ,118.9,0.33,118.94,0,0.01
PENINLAND,BE,15.3,-1.29,507.54,0.04,0.01
MEDISTEP,SM,18.5,-7.5,26.29,0.03,0.01
SONUINFRA,ST,36.5,0,42.94,0.01,0.01
DECCANTRAN,SM,23,4.55,52.26,0.02,0.01
3PLAND,EQ,31.5,-2.11,56.7,0.02,0.01
1060ECL29,NS,1071.66,0,209.25,0,0.01
PEARLPOLY,EQ,16.41,-2.15,27.63,0.03,0.01
ENIFTY,EQ,24.54,-0.37,16.12,0.02,0.01
ISTLTD,EQ,667,2.69,778,0,0.01
PALASHSECU,EQ,88.3,-2.75,88.33,0.01,0.01
HDFCLOWVOL,EQ,21,-0.24,35.91,0.02,0.01
AILIMITED,SM,34.1,-4.88,21.61,0.01,0.01
KEN,SM,42.2,-1.86,103.67,0.01,0.01
PENTAGON,SM,50.25,-5.01,38.74,0.01,0.01
875SFL27,ZF,1025,0,14.18,0,0.01
KIRANVYPAR,EQ,202.18,0.5,551.63,0,0.01
1040UCL27B,N1,1001.81,0.66,34.46,0,0.01
ANKITMETAL,BZ,1.56,-1.27,22.01,0.32,0.01
KANANIIND,EQ,1.5,0.67,29.68,0.33,0
ASTRON,BZ,3.42,-2.01,15.9,0.14,0
91D291026,TB,98.6,-0.2,29382.8,0.01,0
SHRADDHA,EQ,159.85,2.01,645.81,0,0
DHANLAXMI,SM,24.4,-4.31,39.84,0.02,0
SURYALAXMI,EQ,57,1.35,107.19,0.01,0
POLYSPIN,EQ,32.88,16.76,32.88,0.01,0
SPPPOLY,SM,11.9,-4.8,18.32,0.04,0
TRUST,SM,25.5,-0.2,60.75,0.02,0
HBPOR,EQ,60.7,-0.15,65.34,0.01,0
MAL,SM,29.3,-5.18,72.33,0.02,0
MOBANK10,EQ,16.88,-0.3,5.82,0.03,0
BTTL,BE,43.99,2.3,256.78,0.01,0
NFPSAMPOOR,SM,23,0,29.06,0.02,0
SANWARIA,BZ,0.19,-5,13.99,2.42,0
SUVIDHAA,EQ,2.52,0,52.87,0.18,0
KAYTEX,SM,57,-2.15,83.79,0.01,0
SGBDC27VII,GB,15100,0.67,978.94,0,0
KRIDHANINF,BE,2.23,0.45,21.14,0.2,0
ABSLMSCIN,EQ,29.9,-0.27,11.28,0.02,0
VIRTUALG,EQ,0.41,-2.38,23.21,1.12,0
HPIL,EQ,124.22,-0.66,141.91,0,0
MCON,SM,44.05,0.11,32.31,0.01,0
BNALTD,BE,382,0.53,118.42,0,0
MANUGRAPH,BE,16,2.63,48.66,0.03,0
SALONA,EQ,264.94,2.05,139.42,0,0
EBANK10,EQ,16.74,-0.71,20.74,0.03,0
BLUECHIP,EQ,1.84,1.66,10.18,0.23,0
DHANSA,SM,21,4.48,52.39,0.02,0
RUCHINFRA,EQ,5.9,0.17,139.25,0.07,0
TFL,EQ,11.32,-2.75,62.39,0.04,0
KAKATCEM,EQ,108.1,0.48,84.04,0,0
DEEM,ST,40.7,-4.91,33.93,0.01,0
750GS2056,GS,102,0.99,10200,0,0
TOYAMSL,EQ,0.66,-2.94,38.14,0.62,0
ABAN,BE,18.1,-1.95,105.64,0.02,0
AMBICAAGAR,EQ,24.84,-0.36,42.67,0.02,0
91D200826,TB,99.82,0,17081.39,0,0
LCCINFOTEC,EQ,3.96,1.02,66.76,0.1,0
CLCIND,BE,48,-4.82,49.89,0.01,0
SAGARDEEP,EQ,23.91,0.84,40.78,0.02,0
DBSTOCKBRO,BE,32.6,-0.09,114.1,0.01,0
INCREDIBLE,EQ,32.89,2.05,153.81,0.01,0
GRAVISSHO,EQ,28.53,-2.23,201.19,0.01,0
AXTEL,EQ,421.95,1.6,681.65,0,0
MOMETAL,EQ,12.99,-0.46,1.62,0.03,0
CGVAK,EQ,149,0.37,75.25,0,0
1225IFL27,N0,6234.94,-8.31,12.46,0,0
MOOILGAS,EQ,11.18,-0.27,1.4,0.03,0
RTSPOWR,EQ,103.01,7.53,94.44,0,0
ARCHIES,EQ,13.71,-0.36,46.31,0.03,0
105IIFL29,N7,1043,-3.07,16.11,0,0
VIVIDHA,EQ,0.54,0,15.81,0.67,0
SUPERSPIN,BE,5.76,-0.17,31.68,0.06,0
GSEC10IETF,EQ,267.45,0.13,612.49,0,0
TREEHOUSE,EQ,6.15,0.33,26.02,0.06,0
ZENITHDRUG,SM,44,-1.46,75.45,0.01,0
PIONEEREMB,EQ,22.85,-3.05,70.39,0.02,0
MCCHRLS-B,EQ,660,-2.85,864.63,0,0
DELTIC,SM,34.5,0,52.75,0.01,0
CINEVISTA,EQ,15.01,1.97,86.21,0.02,0
RKDL,EQ,18.89,1.4,45.34,0.02,0
EQUAL200,EQ,14.04,-0.07,20.1,0.02,0
MAKERSL,EQ,166.69,6.78,98.35,0,0
BGLOBAL,BZ,3.36,2.75,5.32,0.1,0
ROML,EQ,44.01,-1.15,65.97,0.01,0
RULKA,SM,111,3.16,47.27,0,0
KONTOR,SM,55.05,-9.75,34.02,0.01,0
PRECISION,ST,8.25,-4.62,18.94,0.04,0
NEXTMEDIA,EQ,3.77,-2.33,25.22,0.08,0
FLFL,BZ,1.2,0,24.21,0.27,0
DCMFINSERV,EQ,5.37,1.13,10.09,0.06,0
935MOFSL29,N5,1049,1.16,85.99,0,0
BILVYAPAR,BE,4.09,-1.21,12.83,0.08,0
RADAAN,EQ,2.96,-3.27,16.03,0.1,0
690GS2065,GS,94.55,-1.41,187209,0,0
SHYAMTEL,EQ,14.35,1.63,16.17,0.02,0
IDENTICAL,SM,15.05,-5.64,21.11,0.02,0
SGBFEB27,GB,15007,-2.23,311.23,0,0
REPL,BE,64,0,115.98,0,0
MOGSEC,EQ,65.5,0,164.6,0,0
1225IFL28,N0,7420,0.19,11.87,0,0
JIWANRAM,SM,4.9,2.08,12.13,0.06,0
BMETRICS,SM,36.7,0,45.19,0.01,0
MONEYBOXX,EQ,58.4,-0.15,407.69,0.01,0
LICNETFSEN,EQ,880.61,0.07,726.34,0,0
MERCANTILE,EQ,24.51,1.83,274.31,0.01,0
ARSHIYA,BZ,0.92,-2.13,24.24,0.31,0
746GS2073,GS,100.16,-0.83,117187.2,0,0
CCHHL,EQ,12.25,0.16,200.24,0.02,0
DANGEE,EQ,2.96,0.34,45.58,0.09,0
TICL,BE,9.8,3.05,151.9,0.03,0
ALFREDHE,EQ,3000,0.01,231.43,0,0
648GS2035,GS,100.75,1.51,227695,0,0
PIONRINV,BE,81.25,0.06,99.91,0,0
MOLOWVOL,EQ,37.09,-0.72,86.56,0.01,0
EMKAYTOOLS,SM,92,-1.02,98.18,0,0
HAMPTON,EQ,7.8,-3.94,213.88,0.03,0
SELMC,EQ,27.74,0.51,91.92,0.01,0
WEIZMANIND,EQ,77.52,0.18,120.11,0,0
ENEXT50,EQ,74.39,0.64,8.4,0,0
SAMBHAAV,EQ,6.44,-0.92,123.08,0.04,0
ODYCORP,EQ,7.5,10.29,67.12,0.03,0
UMESLTD,EQ,5.71,-1.89,15.08,0.04,0
RSDFIN,BE,106.49,-5,137.87,0,0
SIMBHALS,BZ,6.92,-0.29,28.57,0.04,0
MOTOGENFIN,BE,26.06,-0.04,100.92,0.01,0
GAJANAND,SM,7.95,-1.24,14.97,0.03,0
EDUCOMP,BZ,0.93,0,11.39,0.26,0
KANCHI,EQ,363,-2.05,157.68,0,0
CONSUMAXIS,EQ,125.11,-0.26,13.82,0,0
ARVEE,EQ,165.55,-0.28,182.44,0,0
EASTWEST,EQ,2.39,-2.85,30.49,0.09,0
LICNFNHGP,EQ,277.56,-0.42,743.73,0,0
IL&FSTRANS,BZ,2.08,0.48,68.42,0.11,0
9IIFL28,Y0,1009,-1.56,133.13,0,0
SVGLOBAL,EQ,130,-1.44,235.08,0,0
LASA,EQ,7.3,-1.48,36.57,0.03,0
SAB,EQ,170,0,258.57,0,0
KHANDSE,EQ,17.69,-0.06,26.98,0.01,0
ISHAN,SM,0.45,0,9.73,0.48,0
WILLAMAGOR,EQ,25,-0.24,27.39,0.01,0
IIFL060326,YA,1005,0,20.6,0,0
CELLPOINT,SM,17.35,3.89,32.42,0.01,0
903SFL28,YI,1034,0,51.62,0,0
679GS2034,GS,103,0,189520,0,0
694GS2036,GS,101.86,0.01,138385.06,0,0
7PFCL31,N3,1000.01,0,20.52,0,0
GOLDENTOBC,BZ,25.57,2.32,45.03,0.01,0
91D011026,TB,99.14,0.39,9814.86,0,0
12AFIL28,N0,9903,-0.67,49.52,0,0
74GJ26,SG,99,-1,990,0,0
364D021026,TB,99,1.8,5945.04,0,0
91D151026,TB,98.88,0.1,15146.55,0,0
AURUS,EQ,4.65,-1.9,13.71,0.04,0
182D291026,TB,98.55,1.24,6504.3,0,0
RHL,EQ,166.01,-0.56,287.06,0,0
12AFIL27A,N0,9800,-1.4,29.4,0,0
SPLIL,EQ,31.89,0.54,92.48,0.01,0
668GS2040,GS,98,-0.68,206780,0,0
BOHRAIND,EQ,14.84,0,31.42,0.01,0
UNIVAFOODS,BE,9.03,0,12.93,0.02,0
MOMNC,EQ,33.65,-0.33,2.52,0.01,0
SHUBHLAXMI,SM,19,-0.26,20.15,0.01,0
SKIL,BZ,0.9,0,19.49,0.22,0
JOCIL,BE,145.05,-0.84,128.82,0,0
INSPIRE,SM,9.05,0,12.32,0.02,0
ATLPP,E1,8.5,-1.28,33.83,0.02,0
LICNETFN50,EQ,272,-0.42,871.37,0,0
JAIPURKURT,EQ,27.38,-0.4,52.27,0.01,0
DAMODARIND,BE,27.55,0.18,64.19,0.01,0
AUSTENG,EQ,123.5,6.33,42.95,0,0
MIDBANKADD,EQ,17.29,-0.58,5.93,0.01,0
CFEL,EQ,31.75,0.79,79.44,0.01,0
SHIVAMILLS,EQ,61.88,-0.51,53.48,0,0
ICDSLTD,EQ,40.9,2.12,53.28,0,0
CREATIVEYE,EQ,6.39,3.06,12.82,0.02,0
PNC,EQ,18.67,1.47,27.01,0.01,0
PVTBANK,EQ,27.31,-0.22,18.19,0.01,0
SECMARK,EQ,127.61,-0.51,133.31,0,0
SGBOCT26,GB,15200,0.66,475.09,0,0
SGBJUL27,GB,15189.99,1.53,814.1,0,0
TEAMGTY,EQ,229.99,0.9,206.83,0,0
FEL,BZ,0.4,2.56,18.2,0.39,0
SGBDEC26,GB,15035.71,0,312.57,0,0
UNIINFO,EQ,11.86,1.37,12.68,0.01,0
AEL12126,NI,993,-2.65,19.78,0,0
IIFLZC26,NN,1487.35,0,43.59,0,0
850SCL25A,NW,991,0,4.2,0,0
GLOBALE,EQ,10.6,-1.3,11.26,0.01,0
KARMAENG,EQ,40,0.73,46.28,0,0
OBCL,EQ,54.4,-0.06,114.69,0,0
PERFECT,SZ,2.3,-2.13,4.02,0.06,0
KSR,EQ,29.99,0.44,55.12,0,0
CHEMCRUX,EQ,88.5,1.88,131.06,0,0
NIDAN,SM,13.3,0,18.49,0.01,0
TRANSCOR,EQ,23.9,-2.01,76.51,0.01,0
BPLPHARMA,EQ,1499.9,11.14,1033.73,0,0
880IREDA29,N5,1120,0.17,262.7,0,0
MIDCAPADD,EQ,23.47,-0.25,5.64,0.01,0
WEWIN,EQ,46.5,0.71,47.25,0,0
LOWVOL,EQ,209.93,-0.44,44.15,0,0
935LTF29,N5,1125,1.26,124.78,0,0
915AEL28,NC,1017,-0.29,422.57,0,0
702GS2027,GS,103.98,3.14,39512.4,0,0
9SCL26BA,NA,1072,0,433.62,0,0
915SCL27,Z7,1070.1,-0.5,12.73,0,0
971SCL28I,BC,501,0.2,3.5,0,0
704GS2029,GS,102.5,0.49,90200,0,0
COMPINFO,BZ,1.15,4.55,9.86,0.09,0
1075SCL35,N1,1008,-4.07,4.21,0,0
667GS2035,GS,100.7,-5,123795.54,0,0
LEENEE,EQ,7.06,-3.02,39.38,0.01,0
716GS2050,GS,100,-4.76,88000,0,0
MFML,EQ,18.62,-3.72,19.77,0.01,0
743GJ27,SG,99.5,-0.5,995,0,0
SGLRES,EQ,2.64,0.76,66.13,0.04,0
744AP33,SG,99,-1,990,0,0
182D070127,TB,97.2,0,9039.6,0,0
622GS2035,GS,96,-2.88,98280.32,0,0
THACKER,BE,1060,3.91,115.3,0,0
772MH35,SG,95,0,1900,0,0
LKPSEC,EQ,15.33,-0.33,126.84,0.01,0
IMPEXFERRO,BZ,3.64,1.96,32.01,0.02,0
SETUINFRA,BZ,0.43,2.38,5.4,0.21,0
AEL170725,ND,1095,0.46,33.92,0,0
TECILCHEM,EQ,8.79,2.33,16.67,0.01,0
BANK10BETF,EQ,20.8,-0.95,24.72,0,0
KANCOTEA,EQ,47.99,-2.14,24.58,0,0
LAHOTIOV,EQ,40.75,-0.68,118.87,0,0
CMICABLES,BZ,2.7,0,4.33,0.03,0
SGL,EQ,9.72,-0.1,26.24,0.01,0
769IGT28,NH,1005,0,12.09,0,0
ARCL,EQ,248.95,3.86,199.16,0,0
COMPUSOFT,EQ,13.17,0.61,104.21,0.01,0
QUALITY30,EQ,21.25,-0.09,2.9,0,0
ASTAR,EQ,585,-2.64,936.4,0,0
ACEINTEG,EQ,17.99,1.07,18.35,0,0
HRYNSHP,EQ,101,-0.44,62.28,0,0
LIQUIDBETA,EQ,1004.49,0.08,30.56,0,0
GLFL,EQ,5.8,3.57,15.73,0.01,0
971SCL28,AN,459.9,0,6.12,0,0
BLUECOAST,BE,24.89,1.63,48.98,0,0
890SFIL23A,NZ,415,-1.19,4.9,0,0
CURAA,EQ,72.9,2.17,72.17,0,0
ABGSEC,EQ,115.56,0.06,12.18,0,0
BANARBEADS,EQ,112.99,0.43,74.55,0,0
EQUIPPP,BE,21,-2.33,216.5,0,0
MINALIND,EQ,2.1,1.45,40.3,0.02,0
MSCI360,EQ,10.27,0.2,6.57,0,0
ANSALBU,EQ,72.8,0.01,53.75,0,0
865SCL27,N4,992,-0.9,25.25,0,0
PREMIER,BE,2.79,-0.36,8.47,0.01,0
ASIANTNE,EQ,9.01,-0.66,22.47,0,0
LAKPRE,BZ,4.63,-3.54,5.07,0.01,0
TOKYOPLAST,EQ,79.99,1.9,76,0,0
805NMC29,N1,118.01,-6.9,23.6,0,0
805NMC33,N5,118.01,-7.08,23.6,0,0
805NMC34,N6,118.01,-7.08,23.6,0,0
MEP,BZ,0.63,1.61,11.56,0.04,0
MEDICAPQ,EQ,25,-7.72,31.17,0,0
805NMC31,N3,118.01,-5.59,23.6,0,0
ORTEL,BZ,2.1,-4.11,6.93,0.01,0
ARENTERP,EQ,39.1,0.28,12.15,0,0
885TCAPS29,NC,1020,-1.92,176.15,0,0
574GS2026,GS,101.45,0,82174.5,0,0
VIRAT,EQ,350,5.95,508.32,0,0
FELDVR,BZ,2.45,3.81,9.65,0.01,0
709GS2074,GS,96.79,0.51,152928.2,0,0
GSEC10YEAR,EQ,30.61,0.2,80.09,0,0
GILT10BETA,EQ,27.04,0.04,24.32,0,0
STARTECK,EQ,256.2,-0.33,253.9,0,0
SHILGRAVQ,EQ,157.8,0,97.04,0,0
704IRFC28,N6,1149.99,6.28,303.46,0,0
636GS2031,GS,99.5,0,122385,0,0
865LTF26,NN,1064,0.38,423.67,0,0
970CAGL28,ND,1017.1,-1.43,257.56,0,0
PBMPOLY,EQ,63.5,2.19,43.68,0,0
ASSAMENT,EQ,850,4.94,122.38,0,0
GKB,EQ,69.8,7.38,35.18,0,0
SONAL,EQ,90.5,-0.53,133.38,0,0
DSKULKARNI,BE,13.96,4.96,13.96,0,0
SHIVAAGRO,EQ,37.2,-3.13,37.17,0,0
CRAVATEX,EQ,340,-2.3,87.86,0,0
TERAI,EQ,124.6,0,85.72,0,0
824GS2027,GS,101,-4.61,97352.44,0,0
601GS2030,GS,100.19,-1,99188.1,0,0
RRECL,EQ,145,3.35,381.47,0,0
RAJVIR,BZ,5.6,-0.71,2.24,0,0
SUPTANERY,EQ,6.81,-5.42,73.53,0,0
NKIND,EQ,60.5,-0.46,36.36,0,0